from_domain_char_count,body_word_count,subject_word_count,longest_sentence_length,has_quoted_reply,has_email_closing,link_count,capital_letter_count,capital_letter_ratio,subject_caps_ratio,punctuation_count,punctuation_ratio,question_mark_count,number_count,number_ratio,finance_symbol_count,emoji_count,emoji_ratio,has_important,feedback_words,day_of_week,time_of_day,letter_count,whitespace_ratio,label
15,4128,4,533,1,0,32,494,0.0305,0.1,5629,0.1949,13,1835,0.1133,10,2,0.0001,1,1,0,0,16223,0.3205,1
19,1111,6,79,1,0,10,252,0.0537,0.037,1301,0.1854,9,501,0.1073,0,1,0.0001,1,1,1,0,4697,0.1154,1
21,10225,5,306,1,0,56,1820,0.0414,0.0625,16663,0.1884,47,4221,0.0961,18,0,0.0,1,0,2,1,43941,0.5385,1
19,752,2,63,1,0,7,146,0.0441,0.0769,925,0.1917,4,230,0.0698,0,1,0.0002,1,1,2,2,3309,0.1132,1
19,854,2,79,1,0,7,172,0.047,0.0769,1005,0.1842,7,379,0.1039,0,1,0.0002,1,1,3,0,3660,0.1154,1
19,1084,7,79,1,0,10,234,0.0496,0.0278,1305,0.187,9,479,0.1023,0,1,0.0001,1,1,1,1,4717,0.1098,1
21,8422,5,308,1,0,63,1060,0.0289,0.0476,13489,0.1831,48,4866,0.1328,33,1,0.0,1,0,4,0,36667,0.5089,1
15,4354,4,533,1,0,39,628,0.0365,0.1,6044,0.1949,15,1959,0.1139,16,2,0.0001,1,1,3,1,17212,0.3366,1
19,825,2,79,1,0,7,168,0.0467,0.0769,1007,0.188,7,373,0.1042,0,1,0.0002,1,1,2,0,3594,0.1097,1
12,1467,3,103,1,0,10,492,0.081,0.0455,2343,0.1942,2,731,0.1207,0,0,0.0,0,0,4,0,6077,0.4851,1
16,4064,8,309,1,0,24,6574,0.2326,0.1091,5622,0.1173,15,3450,0.1223,0,1,0.0,1,1,1,3,28265,0.371,1
10,22095,7,472,1,1,144,2301,0.0231,0.0,32073,0.2097,115,12051,0.121,0,42,0.0003,1,1,5,0,99583,0.0924,1
8,824,2,64,1,1,8,312,0.0861,0.0667,1210,0.1798,1,452,0.1253,0,0,0.0,1,1,0,0,3622,0.4042,1
7,9863,7,379,1,0,39,7432,0.1408,0.1892,13144,0.1486,24,6273,0.119,0,3,0.0,1,1,5,0,52773,0.3089,1
14,7347,3,286,1,0,31,4928,0.1235,0.1667,11045,0.148,26,4061,0.1018,0,0,0.0,1,0,4,0,39896,0.4923,1
19,866,2,90,1,0,8,181,0.0489,0.0769,1029,0.1854,7,396,0.1073,0,1,0.0002,1,1,6,1,3705,0.1157,1
19,851,2,78,1,0,7,192,0.0525,0.0769,1002,0.184,7,377,0.1035,0,1,0.0002,1,1,1,1,3654,0.1156,1
21,5750,6,304,1,0,40,1492,0.0584,0.1667,8988,0.1805,30,3256,0.1276,14,0,0.0,1,0,5,1,25552,0.4709,1
15,1834,4,149,1,0,13,142,0.0183,0.1,2379,0.2043,3,1048,0.1351,5,1,0.0001,1,0,3,1,7779,0.0567,1
18,2702,4,353,1,0,23,7115,0.323,0.0909,4456,0.1308,15,4359,0.1981,0,0,0.0,1,0,6,0,22030,0.1404,1
10,13565,7,502,1,1,107,1323,0.0216,0.0,19840,0.209,84,7696,0.1258,0,18,0.0002,1,1,1,3,61198,0.1009,1
19,866,2,90,1,0,8,179,0.0482,0.0769,1029,0.1854,7,390,0.1055,0,1,0.0002,1,1,6,1,3711,0.1155,1
9,62,4,24,0,1,0,13,0.0402,0.0333,15,0.0396,1,7,0.0239,0,0,0.0,0,0,3,0,323,0.215,1
8,1025,2,108,1,1,10,360,0.0788,0.0667,1509,0.1815,1,522,0.1147,0,0,0.0,1,1,2,1,4567,0.3794,1
13,1122,3,84,1,1,3,179,0.0349,0.1333,1190,0.1363,2,152,0.0297,1,5,0.0006,0,1,4,1,5136,0.4401,1
21,3074,6,475,1,0,18,349,0.0254,0.05,4896,0.2219,10,2457,0.1796,0,5,0.0002,1,1,1,1,13720,0.0751,1
13,6687,9,123,1,0,49,2728,0.085,0.1875,9962,0.1822,7,3177,0.0992,0,0,0.0,1,1,6,2,32081,0.2966,1
31,4739,5,187,1,0,10,1829,0.0876,0.125,7596,0.1285,8,1817,0.0872,0,0,0.0,1,0,5,1,20888,1.3844,1
19,854,2,79,1,0,7,182,0.0498,0.0769,1005,0.1842,7,381,0.1045,0,1,0.0002,1,1,1,1,3658,0.1155,1
8,11656,4,254,1,0,65,8442,0.1299,0.1538,18026,0.1777,21,10211,0.1571,0,4,0.0,1,1,2,1,65006,0.126,1
16,5479,11,166,1,0,65,22659,0.3933,0.1111,6893,0.0767,58,11200,0.1946,0,0,0.0,1,0,6,1,57611,0.2474,1
15,3953,10,255,1,0,24,549,0.0326,0.2222,6013,0.2196,1,1806,0.1074,0,0,0.0,1,0,1,3,16837,0.1638,1
6,67,3,18,0,0,2,50,0.1259,0.0,27,0.0559,1,16,0.0427,0,0,0.0,0,0,6,0,397,0.1733,1
21,8083,4,254,1,0,86,5602,0.1453,0.1364,8408,0.1508,42,6167,0.1601,0,2,0.0,1,1,2,3,38553,0.0679,1
16,2764,11,174,1,1,17,914,0.0722,0.0526,3959,0.2102,13,1404,0.1112,0,1,0.0001,1,0,3,1,12666,0.0664,1
19,1105,6,79,1,0,10,244,0.0523,0.037,1301,0.1862,9,509,0.1097,0,1,0.0001,1,1,0,2,4665,0.1154,1
16,7503,5,349,1,0,67,8113,0.1773,0.093,10804,0.1529,0,5374,0.1176,0,1,0.0,1,0,4,1,45754,0.1919,1
12,3585,7,1059,1,0,23,384,0.0244,0.1837,4775,0.2111,7,1726,0.1102,0,0,0.0,1,0,2,0,15709,0.0294,1
10,6573,7,76,1,1,78,15686,0.3026,0.0179,6859,0.0976,44,7839,0.1514,4,51,0.0007,1,1,4,0,51835,0.0708,1
23,11776,3,249,1,1,93,4057,0.0722,0.0556,17213,0.1896,69,9449,0.1682,15,4,0.0,1,0,6,1,56195,0.1345,1
9,2117,4,244,1,0,6,120,0.0128,0.1579,2249,0.1676,1,472,0.0506,0,5,0.0004,0,0,1,3,9355,0.1451,1
19,1070,6,78,1,0,10,244,0.053,0.037,1292,0.1876,9,507,0.1108,0,1,0.0001,1,1,0,3,4603,0.1115,1
21,8113,5,308,1,0,60,1024,0.0289,0.0476,13065,0.1835,46,4501,0.1271,30,1,0.0,1,0,3,2,35432,0.5142,1
19,854,2,79,1,0,7,182,0.0499,0.0769,1005,0.1844,7,381,0.1048,0,1,0.0002,1,1,6,0,3650,0.1158,1
19,1110,8,78,1,0,10,260,0.0538,0.025,1309,0.1834,9,502,0.1048,0,1,0.0001,1,1,2,0,4831,0.1117,1
18,2055,9,359,1,0,11,1832,0.1789,0.129,3348,0.1841,9,1833,0.1795,0,0,0.0,1,0,1,1,10242,0.2733,1
23,9614,3,389,1,1,86,2401,0.0536,0.0556,14010,0.1925,62,7384,0.165,9,4,0.0001,1,0,3,1,44780,0.1396,1
19,857,2,78,1,0,7,178,0.0485,0.0769,1004,0.1834,7,381,0.1041,0,1,0.0002,1,1,1,1,3672,0.1162,1
13,893,5,64,1,1,7,890,0.1782,0.2941,1204,0.1404,4,649,0.1304,0,0,0.0,1,0,6,3,4994,0.3506,1
16,2755,4,265,1,0,8,141,0.0117,0.1379,3898,0.1858,3,924,0.0767,0,0,0.0,1,1,2,3,12073,0.3414,1
16,1863,4,100,1,1,28,4325,0.2964,0.0455,2429,0.1174,27,2307,0.1584,0,0,0.0,1,0,6,3,14590,0.0947,1
15,1788,4,147,1,0,15,147,0.0193,0.1,2391,0.2094,2,1010,0.1329,5,1,0.0001,1,0,3,1,7618,0.0533,1
12,3299,4,273,1,0,27,838,0.0609,0.0588,5043,0.1739,9,1562,0.1138,0,0,0.0,0,0,0,0,13754,0.6317,1
7,10249,7,403,1,0,39,7439,0.1372,0.1944,13501,0.1495,24,6305,0.1164,0,3,0.0,1,1,5,0,54216,0.3007,1
12,3038,7,273,1,0,18,817,0.0644,0.0851,4654,0.1701,8,1478,0.1169,0,0,0.0,0,0,3,0,12691,0.6793,1
15,1762,3,351,1,1,15,310,0.0401,0.0357,2549,0.1731,2,735,0.0954,5,1,0.0001,1,1,3,0,7733,0.4837,1
8,927,2,108,1,1,9,338,0.0825,0.0667,1361,0.181,1,481,0.1178,0,0,0.0,1,1,0,1,4098,0.3899,1
6,69,3,20,0,0,2,56,0.1418,0.0,31,0.0642,1,14,0.0375,0,0,0.0,0,0,4,0,395,0.1743,1
18,924,3,163,1,0,5,84,0.0216,0.0588,1401,0.236,3,377,0.0974,0,1,0.0002,1,0,2,0,3887,0.0742,1
16,2767,11,174,1,1,17,929,0.0735,0.0526,3951,0.2098,13,1441,0.1143,0,1,0.0001,1,0,5,2,12647,0.066,1
19,854,2,79,1,0,7,182,0.0498,0.0769,1005,0.1844,7,379,0.1041,0,1,0.0002,1,1,5,1,3652,0.1157,1
19,1115,8,79,1,0,10,266,0.0558,0.025,1309,0.1853,9,490,0.1037,0,1,0.0001,1,1,2,1,4767,0.1132,1
12,10721,11,350,1,1,33,4023,0.0772,0.0185,13881,0.148,34,4808,0.0924,0,42,0.0004,1,1,4,3,52090,0.4392,1
10,7436,6,228,1,0,70,16959,0.2871,0.0357,9115,0.0804,58,9038,0.1531,0,2,0.0,1,1,1,0,59078,0.612,1
19,851,2,78,1,0,7,168,0.046,0.0769,1002,0.184,7,381,0.1048,0,1,0.0002,1,1,5,2,3650,0.1158,1
15,1834,4,149,1,0,13,142,0.0183,0.1,2379,0.2045,3,1042,0.1343,5,1,0.0001,1,0,3,1,7779,0.0567,1
10,747,3,89,1,0,10,96,0.0317,0.1538,735,0.1224,0,222,0.0737,0,0,0.0,0,0,1,2,3026,0.6757,1
15,4022,10,270,1,0,25,514,0.0298,0.2727,5933,0.213,2,1880,0.1091,0,0,0.0,1,0,1,1,17254,0.1634,1
24,3683,18,112,1,0,27,2428,0.1224,0.225,5596,0.1878,18,1694,0.0856,0,1,0.0,1,0,3,3,19838,0.1366,1
19,851,2,78,1,0,7,182,0.0499,0.0769,1002,0.1841,7,380,0.1045,0,1,0.0002,1,1,2,2,3648,0.1158,1
9,5091,4,310,1,0,46,5812,0.1833,0.087,6779,0.1309,25,3107,0.098,0,0,0.0,1,0,6,0,31715,0.3221,1
21,9169,5,304,1,0,51,1748,0.0442,0.0526,14900,0.1873,42,4023,0.1017,19,0,0.0,1,0,4,1,39558,0.5337,1
16,2769,11,174,1,1,17,1005,0.0789,0.0526,3951,0.2099,13,1339,0.1055,0,1,0.0001,1,0,6,1,12731,0.066,1
12,1385,4,283,1,0,8,492,0.0866,0.0667,2309,0.2045,2,726,0.1285,0,0,0.0,0,0,6,3,5680,0.4609,1
19,1070,6,78,1,0,10,258,0.0557,0.037,1295,0.1874,9,497,0.1079,0,1,0.0001,1,1,1,0,4635,0.1109,1
19,858,2,79,1,0,7,178,0.0489,0.0769,1009,0.1854,7,381,0.1051,0,1,0.0002,1,1,5,1,3638,0.1161,1
24,3805,10,255,1,0,25,2229,0.1118,0.2222,5873,0.1948,15,1634,0.0821,0,1,0.0,1,0,3,0,19933,0.1376,1
12,3589,7,1063,1,0,23,382,0.0243,0.1837,4781,0.2111,7,1751,0.1119,0,0,0.0,1,0,2,1,15697,0.0296,1
19,866,2,91,1,0,7,188,0.0512,0.0769,1024,0.1859,7,393,0.1074,0,1,0.0002,1,1,3,1,3672,0.1167,1
12,2464,5,96,1,0,20,742,0.0705,0.2162,3775,0.1709,5,1152,0.1099,2,0,0.0,0,0,2,0,10520,0.6368,1
12,10512,19,349,1,0,34,4291,0.0826,0.119,13873,0.1488,39,4772,0.092,2,10,0.0001,1,1,5,1,51954,0.4342,1
21,9169,5,304,1,0,51,1748,0.0442,0.0526,14900,0.1873,42,4009,0.1014,19,0,0.0,1,0,4,3,39572,0.5335,1
15,1834,4,149,1,0,13,143,0.0184,0.1,2379,0.2045,3,1045,0.1348,5,1,0.0001,1,0,3,1,7774,0.0567,1
17,1587,6,233,1,1,12,991,0.1117,0.1724,1918,0.115,0,679,0.0768,0,1,0.0001,1,1,1,1,8873,0.5909,1
11,2559,5,132,1,0,14,179,0.016,0.1176,3921,0.1905,12,718,0.0642,0,0,0.0,1,0,1,0,11202,0.4257,1
21,5344,5,302,1,1,40,1036,0.0419,0.0588,8681,0.201,32,2346,0.095,4,1,0.0,1,1,0,2,24715,0.3023,1
12,1467,3,103,1,0,10,490,0.0808,0.0455,2343,0.1942,2,738,0.1221,0,0,0.0,0,0,5,0,6067,0.4859,1
11,2552,5,126,1,0,14,174,0.0156,0.1111,3912,0.1904,12,712,0.0638,0,0,0.0,1,0,3,0,11179,0.4265,1
9,1726,3,180,1,0,7,514,0.057,0.0667,1584,0.1305,4,364,0.0405,0,0,0.0,1,1,6,0,9012,0.131,1
21,9174,5,304,1,0,52,1750,0.0441,0.0526,14906,0.1872,42,3974,0.1003,18,0,0.0,1,0,4,3,39648,0.5325,1
19,2781,8,185,1,1,30,4338,0.2355,0.175,3479,0.0732,19,2637,0.1435,0,0,0.0,1,1,5,1,18420,1.2515,1
8,819,2,108,1,1,8,299,0.0833,0.0667,1199,0.1797,1,447,0.1251,0,0,0.0,1,1,3,3,3589,0.4063,1
11,6286,3,149,1,0,21,1551,0.0554,0.04,9608,0.2231,5,2241,0.0801,0,2,0.0,1,1,0,3,27995,0.116,1
12,2124,6,218,1,1,10,470,0.0507,0.04,2807,0.2068,5,949,0.1026,0,2,0.0001,1,0,5,1,9272,0.0613,1
21,3223,6,222,1,0,17,2195,0.1212,0.1724,4575,0.0998,12,1968,0.1088,0,0,0.0,1,0,4,0,18109,1.1743,1
7,9649,7,397,1,0,33,6922,0.1354,0.2121,12622,0.1481,22,5763,0.1128,0,3,0.0,1,0,4,0,51127,0.3074,1
15,1940,2,112,1,1,18,567,0.066,0.1818,3054,0.1781,7,853,0.0995,0,2,0.0001,1,0,5,1,8587,0.5409,1
14,3386,4,233,1,0,22,259,0.0175,0.1579,3306,0.1511,2,726,0.0492,0,10,0.0005,0,0,2,1,14789,0.2074,1
19,1096,8,79,1,0,10,246,0.0518,0.025,1308,0.1863,9,486,0.1032,0,1,0.0001,1,1,2,0,4751,0.1093,1
19,1103,6,79,1,0,10,252,0.0539,0.037,1297,0.1856,9,503,0.1082,0,1,0.0001,1,1,6,1,4675,0.1151,1
18,1323,12,163,1,0,9,158,0.0273,0.0217,1930,0.2249,7,528,0.0921,0,1,0.0001,1,0,3,2,5781,0.0678,1
19,752,2,63,1,0,7,154,0.0465,0.0769,923,0.1913,4,226,0.0684,0,1,0.0002,1,1,1,1,3315,0.113,1
15,4122,4,533,1,0,32,492,0.0304,0.1,5623,0.195,13,1827,0.1129,10,2,0.0001,1,1,3,1,16201,0.3204,1
15,3814,4,606,1,0,24,418,0.0275,0.1,5141,0.1909,7,1439,0.0949,10,2,0.0001,1,0,6,1,15182,0.3413,1
15,3818,4,606,1,0,24,422,0.0278,0.1,5145,0.1908,7,1439,0.0948,10,2,0.0001,1,0,2,1,15198,0.3412,1
11,2559,5,132,1,0,14,177,0.0158,0.1111,3921,0.1904,12,718,0.0642,0,0,0.0,1,0,3,0,11206,0.4256,1
7,10199,7,403,1,0,39,7246,0.134,0.1892,13469,0.15,24,5954,0.1101,0,3,0.0,1,1,4,3,54094,0.3015,1
19,1110,7,79,1,0,10,250,0.0527,0.0278,1305,0.1856,9,475,0.1008,0,1,0.0001,1,1,0,1,4747,0.1136,1
16,3204,4,397,1,0,7,217,0.0157,0.0741,4725,0.1922,1,1100,0.0795,0,0,0.0,1,1,3,1,13859,0.3563,1
15,4124,4,533,1,0,32,488,0.0301,0.1,5625,0.195,13,1839,0.1136,10,2,0.0001,1,1,5,1,16203,0.3206,1
16,2856,7,323,1,1,21,986,0.0724,0.0811,3683,0.112,7,1186,0.0873,0,2,0.0001,1,0,3,1,13620,1.0622,1
19,1011,2,111,1,0,10,290,0.0625,0.0769,1160,0.172,11,446,0.0965,0,1,0.0001,1,1,6,1,4637,0.1105,1
11,2291,3,179,1,1,7,301,0.0294,0.1364,3438,0.1339,5,835,0.0819,4,0,0.0,1,0,0,1,10221,1.099,1
18,1074,3,163,1,0,7,144,0.0305,0.0588,1646,0.232,5,438,0.0931,0,1,0.0001,1,0,0,1,4721,0.0648,1
22,2831,7,144,1,1,22,2366,0.1566,0.0968,4057,0.1224,1,1021,0.0677,0,0,0.0,1,1,0,0,15112,0.8613,1
16,8985,5,474,1,0,91,8663,0.1654,0.1724,12977,0.1489,0,5911,0.1129,0,1,0.0,1,0,1,1,52390,0.3041,1
19,1098,6,78,1,0,10,272,0.0581,0.037,1296,0.1853,9,501,0.1076,0,1,0.0001,1,1,3,3,4683,0.1149,1
19,1116,8,78,1,0,10,264,0.0553,0.025,1306,0.1842,9,504,0.1064,0,1,0.0001,1,1,3,1,4777,0.1138,1
12,2970,9,796,1,0,21,322,0.0249,0.0893,4016,0.2147,5,1444,0.1122,0,0,0.0,1,0,0,3,12930,0.0287,1
19,851,2,78,1,0,7,180,0.0493,0.0769,1002,0.184,7,383,0.1054,0,1,0.0002,1,1,3,0,3648,0.1158,1
21,8114,5,308,1,0,60,1023,0.0288,0.0476,13066,0.1835,46,4469,0.1261,30,1,0.0,1,0,2,3,35467,0.5137,1
15,4124,4,533,1,0,32,488,0.0301,0.1,5625,0.195,13,1839,0.1136,10,2,0.0001,1,1,6,1,16203,0.3206,1
15,4036,16,182,1,0,26,525,0.0302,0.1892,5936,0.212,2,1936,0.1116,0,0,0.0,1,0,4,3,17384,0.1602,1
12,11375,15,348,1,0,57,4349,0.0782,0.0581,13246,0.1625,52,5117,0.0922,2,16,0.0002,1,1,4,1,55605,0.1334,1
15,4325,16,235,1,0,26,540,0.029,0.1892,6429,0.2151,2,1954,0.1052,0,0,0.0,1,0,4,3,18611,0.1579,1
12,3287,4,282,1,0,25,871,0.0637,0.0588,5111,0.1783,8,1614,0.1184,0,0,0.0,0,0,3,1,13668,0.609,1
9,725,7,80,1,0,6,41,0.0144,0.0556,999,0.2135,1,381,0.1359,6,0,0.0,0,0,1,1,2840,0.1744,1
7,2510,4,385,1,0,11,391,0.0354,0.15,3403,0.1156,2,1154,0.1047,5,0,0.0,1,0,6,3,11038,1.2566,1
15,3563,10,270,1,1,21,438,0.0284,0.2308,5420,0.2173,2,1525,0.099,0,0,0.0,1,0,5,0,15424,0.1688,1
13,369,7,57,1,1,6,650,0.2494,0.0541,373,0.0975,6,366,0.1425,0,0,0.0,1,0,0,0,2606,0.2012,1
15,2809,7,184,1,0,25,788,0.0635,0.087,3800,0.144,12,1705,0.1379,0,1,0.0,1,1,4,1,12412,0.6882,1
19,825,2,78,1,0,7,168,0.0464,0.0769,998,0.1853,7,383,0.1062,0,1,0.0002,1,1,2,0,3618,0.1104,1
22,3641,10,255,1,0,23,295,0.0187,0.2222,5672,0.2258,2,993,0.0632,0,0,0.0,1,0,4,3,15734,0.1746,1
10,3976,8,572,1,0,27,1616,0.0842,0.1556,5363,0.1668,1,1914,0.1,0,0,0.0,1,1,6,1,19187,0.2999,1
19,2612,8,157,1,0,29,887,0.0714,0.0588,3359,0.1742,9,1009,0.0814,0,0,0.0,1,1,1,1,12423,0.1856,1
15,1834,4,149,1,0,13,142,0.0183,0.1,2379,0.2044,3,1049,0.1352,5,1,0.0001,1,0,2,1,7777,0.0567,1
15,1846,2,198,1,1,13,297,0.0374,0.0833,2674,0.1774,2,768,0.097,1,1,0.0001,1,1,1,1,7940,0.4688,1
11,2552,5,126,1,0,14,174,0.0156,0.1111,3912,0.1904,12,712,0.0638,0,0,0.0,1,0,3,0,11179,0.4265,1
12,1631,4,283,1,0,8,509,0.0752,0.0667,2590,0.1985,2,798,0.1185,0,0,0.0,0,0,4,0,6766,0.4344,1
15,4354,4,533,1,0,39,640,0.0371,0.1,6044,0.1947,15,1969,0.1144,16,2,0.0001,1,1,4,2,17235,0.3361,1
19,1121,8,79,1,0,10,250,0.0526,0.025,1311,0.1851,9,514,0.1091,0,1,0.0001,1,1,4,1,4753,0.1144,1
16,8707,5,474,1,0,91,8589,0.1666,0.1724,12745,0.1471,0,6177,0.1199,0,1,0.0,1,0,1,0,51550,0.3144,1
19,854,2,79,1,0,7,178,0.0486,0.0769,1007,0.1847,7,371,0.1017,0,1,0.0002,1,1,2,3,3660,0.1154,1
16,2775,11,174,1,1,17,965,0.0755,0.0526,3965,0.2093,13,1403,0.1101,0,1,0.0001,1,0,3,1,12776,0.0658,1
21,9169,5,304,1,0,51,1749,0.0441,0.0526,14900,0.1873,42,3937,0.0994,19,0,0.0,1,0,5,2,39644,0.5326,1
21,9169,5,304,1,0,51,1749,0.0442,0.0526,14900,0.1873,42,4052,0.1026,19,0,0.0,1,0,0,0,39529,0.5341,1
19,854,2,79,1,0,7,176,0.0483,0.0769,1005,0.1844,7,389,0.1072,0,1,0.0002,1,1,2,1,3642,0.116,1
19,825,2,78,1,0,7,178,0.0493,0.0769,1003,0.1864,7,377,0.1047,0,1,0.0002,1,1,1,1,3614,0.1108,1
19,1108,6,91,1,0,11,245,0.052,0.037,1324,0.1872,9,522,0.1113,0,1,0.0001,1,1,6,0,4716,0.1135,1
19,1103,6,79,1,0,10,258,0.0551,0.037,1301,0.1862,9,491,0.1055,0,1,0.0001,1,1,2,1,4683,0.1149,1
15,1875,4,155,1,0,13,142,0.0179,0.1,2419,0.2039,3,1089,0.1378,5,1,0.0001,1,0,4,0,7922,0.0556,1
28,858,4,87,1,0,10,191,0.0531,0.0476,1030,0.1943,2,513,0.1435,0,1,0.0002,0,1,1,0,3596,0.0503,1
24,3685,18,112,1,0,27,2412,0.1218,0.225,5595,0.1877,18,1745,0.0883,0,1,0.0,1,0,5,1,19797,0.1369,1
11,3931,6,149,1,0,17,1030,0.0576,0.0968,5831,0.212,4,1395,0.0781,0,2,0.0001,1,1,0,3,17893,0.1351,1
7,7874,6,476,1,1,58,4062,0.1008,0.1,11164,0.1585,11,3138,0.078,14,6,0.0001,0,1,4,2,40279,0.3933,1
11,2552,5,126,1,0,14,174,0.0156,0.1176,3912,0.1904,12,714,0.064,0,0,0.0,1,0,3,1,11177,0.4265,1
11,6914,5,427,1,0,56,1249,0.0395,0.4,10163,0.2037,42,4042,0.1278,0,6,0.0001,1,1,1,1,31638,0.1281,1
12,8252,15,349,1,1,33,4108,0.0971,0.061,10085,0.1623,33,3884,0.092,2,16,0.0003,1,1,4,1,42318,0.1354,1
15,4082,4,533,1,0,32,480,0.0299,0.1,5613,0.196,13,1835,0.1146,10,2,0.0001,1,1,6,1,16037,0.3217,1
6,68,3,19,0,0,2,51,0.1298,0.0,31,0.0642,1,16,0.0431,0,0,0.0,0,0,4,3,393,0.1752,1
16,2498,7,319,1,0,12,1602,0.1216,0.08,3519,0.1654,0,1487,0.1133,0,0,0.0,1,0,2,1,13177,0.2392,1
16,9289,5,527,1,0,91,8489,0.1623,0.1724,14000,0.1566,0,7151,0.1368,0,1,0.0,1,0,1,0,52316,0.3052,1
21,8119,5,308,1,0,60,1046,0.0296,0.0476,13069,0.1835,46,4560,0.1289,30,1,0.0,1,0,1,3,35388,0.515,1
19,851,2,78,1,0,7,178,0.0488,0.0769,1002,0.184,7,385,0.106,0,1,0.0002,1,1,1,1,3646,0.1159,1
19,843,2,78,1,0,7,176,0.0485,0.0769,1004,0.1853,7,379,0.1047,0,1,0.0002,1,1,1,3,3632,0.1138,1
19,1099,6,79,1,0,10,262,0.056,0.037,1295,0.1853,9,501,0.1077,0,1,0.0001,1,1,3,0,4679,0.115,1
11,2552,5,126,1,0,14,176,0.0157,0.1111,3912,0.1904,12,714,0.064,0,0,0.0,1,0,6,0,11177,0.4266,1
22,10288,3,91,1,0,201,11075,0.1706,0.1905,14934,0.1424,25,6550,0.1009,0,2,0.0,1,1,6,3,64933,0.2846,1
19,1103,6,79,1,0,10,254,0.0544,0.037,1305,0.1868,9,496,0.1068,0,1,0.0001,1,1,0,3,4671,0.1152,1
11,18056,8,1032,1,0,50,3522,0.0436,0.3143,23324,0.1531,7,8667,0.1073,15,0,0.0,1,0,3,1,80830,0.4896,1
21,8979,4,315,1,0,96,6157,0.1438,0.1579,9112,0.1482,46,6522,0.1524,0,2,0.0,1,1,2,3,42804,0.0707,1
12,2346,4,95,1,0,5,2628,0.1822,0.1176,3792,0.1481,6,1461,0.1014,0,0,0.0,1,0,5,1,14420,0.4124,1
19,824,2,79,1,0,7,174,0.0484,0.0769,1006,0.1876,7,379,0.1058,0,1,0.0002,1,1,6,2,3594,0.1103,1
19,820,2,78,1,0,7,168,0.0467,0.0769,1000,0.187,7,370,0.1032,0,1,0.0002,1,1,2,0,3598,0.1096,1
19,1081,7,78,1,0,10,260,0.0551,0.0278,1300,0.1867,9,468,0.1,0,1,0.0001,1,1,1,1,4717,0.1098,1
21,10585,5,306,1,0,57,1707,0.0378,0.0625,17491,0.1897,49,4385,0.0971,18,0,0.0,1,0,6,1,45177,0.5569,1
15,1861,4,147,1,0,15,148,0.0187,0.1,2470,0.2086,2,1055,0.1339,5,1,0.0001,1,0,5,2,7901,0.053,1
21,9180,5,304,1,0,51,1751,0.0442,0.0526,14911,0.1872,42,4002,0.101,19,0,0.0,1,0,5,3,39626,0.5331,1
7,9825,7,403,1,0,33,6773,0.1319,0.1842,12891,0.1495,22,6055,0.118,0,3,0.0,1,0,2,0,51349,0.3112,1
15,3960,10,255,1,0,24,540,0.0321,0.2222,6022,0.2193,1,1901,0.1133,0,0,0.0,1,0,1,1,16808,0.1641,1
21,5344,5,302,1,1,40,1036,0.0419,0.0588,8681,0.201,32,2319,0.0938,4,1,0.0,1,1,3,0,24742,0.3019,1
12,1613,4,109,1,0,10,530,0.0792,0.0345,2572,0.1986,4,810,0.1215,1,0,0.0,0,0,6,3,6695,0.4356,1
11,2627,5,218,1,0,17,2836,0.1825,0.1154,3398,0.1483,4,2445,0.1576,0,2,0.0001,1,1,2,2,15542,0.0989,1
15,3952,10,255,1,0,25,503,0.0298,0.2222,5853,0.214,2,1892,0.1122,0,0,0.0,1,0,3,0,16892,0.1625,1
10,2518,7,107,1,1,29,1259,0.1053,0.1,2498,0.0972,6,1057,0.0886,0,0,0.0,1,0,6,1,11956,0.8561,1
21,10225,5,306,1,0,56,1821,0.0415,0.0625,16663,0.1884,47,4235,0.0964,18,0,0.0,1,0,2,2,43927,0.5387,1
11,3737,6,149,1,0,21,1148,0.0661,0.175,5549,0.2087,4,1306,0.0754,0,2,0.0001,1,1,4,0,17364,0.1388,1
15,3814,4,606,1,0,24,422,0.0278,0.1,5141,0.1909,7,1435,0.0946,10,2,0.0001,1,0,5,1,15186,0.3412,1
12,1094,4,104,1,1,9,191,0.0427,0.25,1190,0.1753,1,321,0.072,0,0,0.0,0,0,4,0,4477,0.1827,1
19,1098,6,78,1,0,10,256,0.0549,0.037,1300,0.1861,9,505,0.1088,0,1,0.0001,1,1,1,1,4667,0.1153,1
7,10250,7,403,1,0,39,7363,0.1367,0.1944,13544,0.1506,24,6281,0.1167,0,3,0.0,1,1,4,0,53860,0.3018,1
16,2744,11,174,1,1,17,943,0.0744,0.0526,3937,0.2095,13,1407,0.1114,0,1,0.0001,1,0,3,1,12668,0.0648,1
8,926,2,108,1,1,9,333,0.0813,0.0667,1360,0.1809,1,486,0.1191,0,0,0.0,1,1,4,0,4094,0.3903,1
16,7053,6,135,1,1,36,600,0.0201,0.0,11859,0.2562,21,2480,0.0832,0,0,0.0,1,0,6,1,29847,0.0713,1
13,785,6,191,1,0,1,60,0.0189,0.1562,1156,0.1931,0,223,0.0709,0,0,0.0,0,0,2,2,3178,0.465,1
19,995,6,72,1,0,10,214,0.0496,0.037,1217,0.1917,6,354,0.0825,0,1,0.0002,1,1,1,1,4316,0.1135,1
10,7124,6,228,1,0,68,16342,0.2861,0.0357,8814,0.0795,55,9416,0.1649,0,4,0.0,1,0,1,0,57125,0.6219,1
16,2744,11,174,1,1,17,936,0.0738,0.0526,3929,0.2089,13,1419,0.1122,0,1,0.0001,1,0,6,2,12684,0.0646,1
21,4182,11,475,1,0,21,444,0.0237,0.0299,6353,0.2128,11,3323,0.1781,0,5,0.0002,1,1,4,2,18726,0.081,1
19,851,2,78,1,0,7,184,0.0504,0.0769,1002,0.1841,7,374,0.1027,0,1,0.0002,1,1,2,1,3654,0.1156,1
21,3196,6,475,1,0,19,374,0.0261,0.0357,5044,0.2189,10,2654,0.1856,0,5,0.0002,1,1,0,1,14325,0.0725,1
21,10196,5,306,1,0,55,1877,0.0427,0.0625,16670,0.1879,46,4260,0.0969,19,0,0.0,1,0,6,0,43971,0.5427,1
16,7588,5,463,1,0,73,8492,0.1801,0.093,10909,0.1512,0,5484,0.1164,0,1,0.0,1,0,4,0,47151,0.1837,1
21,8115,5,308,1,0,60,1033,0.0292,0.0476,13065,0.2309,46,4533,0.1281,30,1,0.0,1,0,4,3,35398,0.1017,1
9,736,11,80,1,0,6,43,0.0148,0.0612,1007,0.2113,1,412,0.1447,5,0,0.0,0,0,3,1,2897,0.1731,1
19,854,2,79,1,0,7,182,0.0499,0.0769,1005,0.1844,7,387,0.1066,0,1,0.0002,1,1,2,0,3644,0.1159,1
19,848,2,79,1,0,7,172,0.0474,0.0769,1009,0.1861,7,383,0.106,0,1,0.0002,1,1,3,0,3626,0.114,1
15,2053,6,96,1,1,12,139,0.0159,0.1053,3284,0.175,3,667,0.0767,0,0,0.0,1,0,6,3,8732,0.7039,1
15,1861,4,147,1,0,15,149,0.0189,0.1,2470,0.2086,2,1054,0.1337,5,1,0.0001,1,0,6,1,7901,0.053,1
19,851,2,78,1,0,7,184,0.0504,0.0769,1002,0.184,7,377,0.1035,0,1,0.0002,1,1,3,0,3654,0.1156,1
19,1110,7,79,1,0,10,258,0.0541,0.0278,1301,0.1843,9,477,0.1007,0,1,0.0001,1,1,2,1,4773,0.1138,1
16,4306,12,309,1,0,24,7143,0.2452,0.0886,5856,0.1194,15,3482,0.1199,0,1,0.0,1,1,5,1,29129,0.3608,1
12,4440,4,324,1,0,35,436,0.0211,0.087,5934,0.1651,3,1653,0.0802,0,0,0.0,1,0,3,1,20634,0.375,1
9,734,10,80,1,0,6,55,0.0191,0.1707,1003,0.2112,1,416,0.1468,5,0,0.0,0,0,3,1,2874,0.1733,1
7,9188,11,379,1,0,33,7144,0.1438,0.0769,12221,0.1471,21,5658,0.114,0,3,0.0,1,0,1,0,49668,0.3137,1
19,855,2,78,1,0,7,186,0.0506,0.0769,1002,0.183,7,381,0.1041,0,1,0.0002,1,1,6,2,3674,0.1161,1
7,733,3,67,1,1,9,147,0.0438,0.2727,686,0.1455,0,183,0.0547,0,2,0.0004,0,0,0,3,3355,0.1495,1
15,1861,4,147,1,0,15,149,0.0189,0.1,2470,0.2086,2,1059,0.1344,5,1,0.0001,1,0,0,0,7897,0.0531,1
21,5710,5,245,1,0,51,3228,0.1223,0.0345,5808,0.153,22,3810,0.1446,0,2,0.0001,1,1,2,3,26384,0.0745,1
15,4015,10,255,1,0,25,520,0.0303,0.2222,5915,0.2137,2,1791,0.1044,0,0,0.0,1,0,1,1,17182,0.1646,1
28,9765,13,417,1,0,70,15770,0.2364,0.1846,13951,0.15,2,10086,0.1514,0,6,0.0001,1,0,2,3,66703,0.0344,1
19,1100,6,78,1,0,10,256,0.0547,0.037,1294,0.1853,9,495,0.1063,0,1,0.0001,1,1,3,0,4683,0.1149,1
7,4702,11,217,1,0,53,7688,0.2376,0.2979,6454,0.1321,5,6968,0.2157,0,0,0.0,1,1,5,1,32355,0.0956,1
15,1834,4,149,1,0,13,144,0.0185,0.1,2379,0.2045,3,1045,0.1348,5,1,0.0001,1,0,1,1,7773,0.0568,1
19,1093,6,79,1,0,10,246,0.0528,0.037,1295,0.186,9,505,0.1091,0,1,0.0001,1,1,5,1,4657,0.1136,1
13,317,4,46,1,0,4,78,0.0477,0.04,328,0.1333,3,128,0.0796,0,0,0.0,0,0,6,3,1634,0.2455,1
16,4507,11,78,1,0,56,19368,0.3848,0.1311,5730,0.0749,49,8607,0.1712,0,1,0.0,1,0,2,0,50336,0.237,1
18,1341,11,163,1,0,9,198,0.0339,0.025,1952,0.2255,7,516,0.0889,0,1,0.0001,1,0,0,0,5843,0.066,1
12,2462,6,97,1,0,20,731,0.0696,0.1429,3783,0.1711,5,1168,0.1116,2,0,0.0,0,0,6,1,10508,0.6391,1
18,1074,3,163,1,0,7,158,0.0333,0.0588,1646,0.232,5,417,0.0883,0,1,0.0001,1,0,3,1,4742,0.0646,1
15,3814,4,606,1,0,24,420,0.0277,0.1,5141,0.1909,7,1437,0.0948,10,2,0.0001,1,0,4,0,15184,0.3413,1
10,8510,4,358,1,1,52,2377,0.059,0.1304,11003,0.1622,10,1872,0.0465,0,0,0.0,1,0,2,1,40311,0.3645,1
7,2400,4,246,1,1,11,368,0.0354,0.15,3280,0.1178,2,1132,0.1092,6,0,0.0,1,0,0,1,10382,1.2604,1
18,3063,8,161,1,1,24,2431,0.147,0.1429,5059,0.0663,1,1258,0.0763,0,0,0.0,1,1,0,0,16539,3.2448,1
10,7262,6,228,1,0,70,17035,0.2925,0.0357,8887,0.0788,60,9538,0.1638,0,2,0.0,1,0,1,0,58244,0.6206,1
18,1751,4,189,1,1,11,252,0.0313,0.0323,1830,0.1446,2,510,0.0635,0,2,0.0002,1,0,3,3,8058,0.2843,1
15,3851,18,132,1,0,26,571,0.0347,0.225,5759,0.2149,3,1880,0.1144,0,0,0.0,1,0,1,3,16475,0.1656,1
12,4960,4,254,1,1,23,623,0.0288,0.1333,6047,0.1923,2,2047,0.0946,0,1,0.0,1,1,0,0,21660,0.0784,1
10,10193,3,222,1,1,8,3181,0.071,0.1333,14954,0.2243,4,4049,0.0904,0,4,0.0001,0,0,2,0,44816,0.0641,1
16,4918,14,252,1,0,37,12702,0.3122,0.1562,5565,0.093,32,6267,0.1543,0,12,0.0002,1,0,5,1,40689,0.1815,1
7,9674,7,397,1,0,34,7123,0.1379,0.2188,12704,0.1475,22,6141,0.119,0,3,0.0,1,0,2,0,51641,0.3036,1
10,4050,12,699,1,0,26,1910,0.0961,0.1961,5235,0.1602,1,2115,0.1067,0,0,0.0,1,1,6,1,19871,0.2784,1
15,1666,4,221,1,1,12,285,0.0398,0.1154,2421,0.1901,2,761,0.1068,2,1,0.0001,1,1,5,0,7153,0.3396,1
16,5739,8,391,1,0,32,8838,0.2291,0.0976,7723,0.1171,20,5175,0.1343,0,1,0.0,1,1,0,1,38576,0.3725,1
19,938,12,80,1,0,9,271,0.0633,0.0196,1094,0.1782,7,339,0.0802,0,1,0.0002,1,1,1,1,4279,0.1126,1
14,2502,3,242,1,0,11,167,0.0152,0.1176,2258,0.1449,2,516,0.0469,0,10,0.0006,0,0,1,0,11008,0.1647,1
13,1187,6,47,1,0,10,922,0.1404,0.0667,1366,0.1191,5,601,0.0919,0,0,0.0,1,1,0,3,6569,0.4537,1
27,11445,6,1143,1,0,56,14633,0.2014,0.35,13863,0.1359,27,9424,0.1297,0,8,0.0001,1,1,6,0,72674,0.0835,1
9,1055,10,105,1,0,16,105,0.0233,0.1707,1580,0.2216,2,431,0.0966,0,0,0.0,1,0,2,1,4504,0.1472,1
16,3882,6,330,1,0,29,2451,0.1225,0.1935,5499,0.1831,0,2400,0.1202,0,0,0.0,1,0,2,1,20003,0.1081,1
19,851,2,78,1,0,7,180,0.0493,0.0769,1004,0.1844,7,379,0.1042,0,1,0.0002,1,1,0,1,3650,0.1158,1
21,5724,3,311,1,0,37,1040,0.0389,0.0625,8539,0.1325,30,2939,0.11,29,2,0.0,1,1,0,2,26727,0.9831,1
15,3979,10,255,1,0,25,501,0.0295,0.2222,5881,0.2144,2,1856,0.1096,0,0,0.0,1,0,5,3,16965,0.1624,1
19,752,2,63,1,0,7,146,0.0441,0.0769,925,0.1917,4,230,0.0698,0,1,0.0002,1,1,2,2,3309,0.1132,1
19,2624,8,157,1,0,29,952,0.0766,0.0588,3377,0.1749,9,996,0.0803,0,0,0.0,1,1,2,1,12436,0.1854,1
21,5708,5,304,1,0,40,1500,0.0586,0.1852,8945,0.1804,30,3097,0.1211,14,0,0.0,1,0,1,2,25599,0.4679,1
7,10251,7,403,1,0,39,7458,0.1371,0.1892,13472,0.1492,24,6118,0.1125,0,3,0.0,1,1,4,3,54410,0.3004,1
12,10753,7,348,1,1,38,4243,0.0803,0.0303,14161,0.1498,38,4726,0.0895,0,42,0.0004,1,1,4,3,52839,0.4282,1
7,9739,7,402,1,0,33,6987,0.1357,0.2121,12759,0.1486,21,5840,0.1135,0,3,0.0,1,1,5,0,51503,0.3065,1
10,8788,5,210,1,1,61,4472,0.0985,0.1304,11546,0.1743,13,4243,0.0935,0,2,0.0,1,0,5,1,45394,0.1067,1
15,5333,5,110,1,0,17,2165,0.0803,0.0,6216,0.1404,10,2320,0.0861,0,0,0.0,1,1,3,0,26964,0.3272,1
15,3814,4,606,1,0,24,416,0.0274,0.1,5141,0.1909,7,1441,0.0951,10,2,0.0001,1,0,5,1,15180,0.3411,1
15,9986,3,107,1,0,65,18628,0.2518,0.0714,15838,0.1163,42,11629,0.1573,16,2,0.0,1,1,0,3,73966,0.4649,1
13,5216,3,360,1,1,27,3165,0.1132,0.1579,6809,0.1666,9,2980,0.1066,0,0,0.0,1,1,6,3,27971,0.1116,1
16,2732,11,174,1,1,17,978,0.0771,0.0526,3924,0.2088,13,1414,0.1119,0,1,0.0001,1,0,1,1,12678,0.0647,1
15,1952,3,252,1,1,14,319,0.0385,0.0357,2848,0.1772,2,828,0.1003,3,1,0.0001,1,1,0,1,8280,0.5012,1
13,781,6,191,1,0,1,54,0.017,0.1562,1156,0.1932,0,223,0.0709,0,0,0.0,0,0,4,1,3176,0.4641,1
11,782,5,179,1,1,2,189,0.057,0.0625,1013,0.172,4,297,0.0905,0,0,0.0,1,1,1,3,3313,0.3947,1
8,691,7,199,1,1,6,93,0.0322,0.0909,924,0.1812,3,311,0.109,12,0,0.0,0,0,0,3,2886,0.3488,1
15,3974,10,255,1,0,25,498,0.0294,0.2222,5874,0.2142,2,1861,0.1099,0,0,0.0,1,0,4,3,16967,0.1624,1
19,843,2,78,1,0,7,176,0.0485,0.0769,1006,0.1856,7,383,0.106,0,1,0.0002,1,1,1,0,3626,0.114,1
12,7846,3,227,1,0,41,4702,0.1161,0.1111,10402,0.1693,20,4642,0.1146,0,2,0.0,1,0,2,1,40510,0.1403,1
11,6139,10,157,1,0,23,2043,0.072,0.08,8670,0.2024,8,2217,0.0783,0,2,0.0,1,1,4,0,28378,0.1275,1
12,2119,6,218,1,1,10,471,0.0508,0.04,2807,0.2068,5,949,0.1027,0,2,0.0001,1,0,2,1,9270,0.0613,1
15,5013,6,110,1,0,15,1807,0.0722,0.0,5852,0.1434,9,2076,0.083,0,0,0.0,1,1,3,1,25037,0.3153,1
13,1181,6,47,1,0,10,916,0.1389,0.0667,1352,0.118,5,578,0.0881,0,0,0.0,1,1,0,0,6594,0.452,1
19,1123,8,79,1,0,10,270,0.0563,0.025,1315,0.1854,9,478,0.1005,0,1,0.0001,1,1,4,1,4797,0.1133,1
8,2537,12,136,1,0,16,738,0.0595,0.1346,3689,0.1622,11,1788,0.1448,0,0,0.0,1,1,1,1,12402,0.3971,1
13,785,6,191,1,0,1,59,0.0186,0.1562,1156,0.1931,0,223,0.0709,0,0,0.0,0,0,1,1,3177,0.4652,1
12,11227,7,286,1,1,35,4014,0.0744,0.1429,14796,0.1525,32,5096,0.0946,0,33,0.0003,1,1,4,0,53916,0.4267,1
9,4204,5,318,1,0,45,5747,0.2157,0.0294,5674,0.1275,25,3049,0.1146,0,0,0.0,1,0,3,1,26648,0.3448,1
12,2292,4,94,1,0,5,2605,0.1805,0.1176,3742,0.1465,6,1451,0.1006,0,0,0.0,1,0,5,1,14435,0.4112,1
19,855,2,78,1,0,7,184,0.0501,0.0769,1004,0.1834,7,381,0.1041,0,1,0.0002,1,1,0,1,3672,0.1162,1
28,863,4,87,1,0,10,186,0.0519,0.0476,1034,0.1954,2,511,0.1433,0,1,0.0002,0,1,3,0,3587,0.0505,1
21,9241,5,304,1,0,57,1546,0.039,0.0526,15022,0.1868,47,4216,0.1064,21,0,0.0,1,0,2,1,39647,0.544,1
9,1055,11,105,1,0,16,99,0.022,0.0612,1580,0.2217,2,431,0.0967,0,0,0.0,1,0,3,0,4508,0.1473,1
28,860,4,87,1,0,10,186,0.0516,0.0476,1031,0.1946,2,503,0.1404,0,1,0.0002,0,1,6,0,3603,0.0503,1
15,7694,9,110,1,0,21,2927,0.0767,0.0,8943,0.1417,13,3307,0.0868,0,0,0.0,1,1,3,3,38159,0.3345,1
21,8116,5,308,1,0,60,1019,0.0288,0.0476,13065,0.1835,46,4615,0.1307,30,1,0.0,1,0,5,3,35331,0.5157,1
7,731,7,85,1,0,10,137,0.0423,0.1481,875,0.1813,0,304,0.0946,0,2,0.0004,0,1,0,3,3240,0.1348,1
19,752,2,63,1,0,7,154,0.0465,0.0769,923,0.1913,4,226,0.0684,0,1,0.0002,1,1,1,1,3315,0.113,1
16,4174,6,309,1,0,24,6642,0.2306,0.1923,5731,0.1172,15,3584,0.1246,0,1,0.0,1,1,5,1,28801,0.3696,1
15,2393,9,208,1,1,18,440,0.0442,0.4565,3632,0.1593,8,1244,0.1254,0,0,0.0,1,1,5,1,9966,0.8068,1
14,216,6,20,1,0,5,102,0.0868,0.075,216,0.1297,3,114,0.1004,0,0,0.0,1,0,3,0,1175,0.1762,1
11,770,5,83,1,1,9,183,0.0542,0.0323,807,0.1154,0,321,0.096,0,0,0.0,1,1,3,0,3374,0.7532,1
15,4354,4,533,1,0,39,637,0.037,0.1,6044,0.1949,15,1970,0.1146,16,2,0.0001,1,1,5,1,17211,0.3366,1
15,3984,11,290,1,0,25,513,0.0302,0.3333,5889,0.2139,2,1950,0.115,0,0,0.0,1,0,3,0,16978,0.1617,1
11,6288,3,149,1,0,21,1584,0.0566,0.04,9598,0.2229,5,2250,0.0804,0,2,0.0,1,1,0,3,27996,0.116,1
19,1107,6,79,1,0,10,258,0.0548,0.037,1297,0.1849,9,493,0.1053,0,1,0.0001,1,1,6,3,4709,0.1151,1
7,2511,4,272,1,0,11,379,0.035,0.15,3419,0.1173,2,1172,0.1083,6,0,0.0,1,0,0,2,10843,1.268,1
22,588,4,87,1,1,4,241,0.0829,0.1579,639,0.1491,2,149,0.0516,4,0,0.0,1,0,3,1,2907,0.2112,1
15,1754,5,122,1,1,16,678,0.0901,0.1739,2565,0.1741,3,720,0.096,0,2,0.0001,1,0,5,1,7526,0.5258,1
13,4938,6,216,1,0,62,4482,0.1581,0.0714,7106,0.1674,26,4860,0.1716,0,1,0.0,1,1,0,1,28343,0.0731,1
15,3125,7,166,1,0,26,843,0.0612,0.087,4178,0.1418,12,1786,0.1301,0,1,0.0,1,1,6,2,13772,0.7112,1
15,4128,4,533,1,0,32,494,0.0304,0.1,5629,0.1949,13,1825,0.1126,10,2,0.0001,1,1,5,3,16233,0.3203,1
20,1214,11,85,1,1,21,1146,0.1589,0.1636,1506,0.1475,15,729,0.1019,0,0,0.0,0,1,1,1,7211,0.1129,1
7,9547,7,397,1,0,33,6862,0.1355,0.2059,12578,0.1486,22,5835,0.1153,0,3,0.0,1,1,4,0,50638,0.308,1
21,5239,8,245,1,1,46,2879,0.1199,0.0714,5389,0.1558,22,3467,0.1447,0,2,0.0001,1,1,2,3,24006,0.0732,1
7,2202,4,317,1,0,11,338,0.0354,0.15,3015,0.1193,2,1057,0.1109,5,0,0.0,1,0,4,0,9550,1.224,1
21,5344,5,302,1,1,40,1036,0.0418,0.0588,8681,0.201,32,2265,0.0914,4,1,0.0,1,1,1,2,24796,0.3013,1
16,7242,5,463,1,0,67,7910,0.1781,0.093,10474,0.1528,0,5111,0.1152,0,1,0.0,1,0,0,1,44419,0.1936,1
6,69,3,20,0,0,2,51,0.1298,0.0,31,0.0642,1,16,0.0431,0,0,0.0,0,0,2,3,393,0.1752,1
12,3589,7,1063,1,0,23,380,0.0242,0.1837,4781,0.2111,7,1732,0.1106,0,0,0.0,1,0,3,0,15716,0.0296,1
7,749,8,100,1,0,10,112,0.0346,0.1333,858,0.1791,3,300,0.0934,0,2,0.0004,0,0,5,3,3241,0.1308,1
16,4259,5,135,1,1,20,451,0.025,0.0,7223,0.2583,14,1514,0.084,0,0,0.0,1,0,0,0,18048,0.0662,1
19,846,2,79,1,0,7,178,0.049,0.0769,1005,0.1854,7,381,0.1053,0,1,0.0002,1,1,3,1,3632,0.1138,1
16,8953,5,352,1,0,92,8504,0.1604,0.1724,13250,0.1509,0,6110,0.1153,0,1,0.0,1,0,2,1,53031,0.2913,1
19,851,2,78,1,0,7,180,0.0492,0.0769,1002,0.1837,7,383,0.1051,0,1,0.0002,1,1,6,3,3656,0.1156,1
12,12299,5,139,1,1,60,2731,0.052,0.1389,18296,0.182,45,8775,0.1671,0,8,0.0001,1,1,0,1,52555,0.3979,1
13,1333,5,142,1,1,10,679,0.1032,0.2941,1670,0.1559,4,556,0.0847,0,0,0.0,1,0,1,1,6579,0.2934,1
19,1105,6,79,1,0,10,262,0.0561,0.037,1301,0.1862,9,503,0.1083,0,1,0.0001,1,1,2,0,4671,0.1152,1
15,1834,4,149,1,0,13,144,0.0185,0.1,2379,0.2045,3,1038,0.1337,5,1,0.0001,1,0,4,1,7781,0.0567,1
30,8010,7,677,1,0,82,2909,0.0778,0.1212,11129,0.2032,37,3728,0.0998,0,0,0.0,1,0,3,0,37377,0.0605,1
16,8071,5,538,1,0,71,8179,0.1704,0.093,12253,0.1597,0,6174,0.1288,0,1,0.0,1,0,4,0,47991,0.2158,1
15,1674,4,231,1,1,12,279,0.0386,0.1154,2425,0.1892,2,761,0.1058,2,1,0.0001,1,1,4,1,7220,0.3383,1
16,4789,6,538,1,1,27,1617,0.074,0.037,6813,0.1132,6,2324,0.1066,7,2,0.0,1,0,3,2,21838,1.3397,1
15,4354,4,533,1,0,39,628,0.0365,0.1,6044,0.1948,15,1958,0.1138,16,2,0.0001,1,1,1,1,17228,0.3363,1
19,843,2,91,1,0,8,179,0.0486,0.0769,1028,0.1869,7,394,0.1073,0,1,0.0002,1,1,3,0,3685,0.11,1
28,1711,12,56,1,1,9,372,0.048,0.1167,1244,0.1188,4,377,0.049,0,0,0.0,1,1,5,1,7751,0.1494,1
12,3293,4,279,1,0,27,845,0.0615,0.0588,5028,0.1739,9,1590,0.1161,0,0,0.0,0,0,3,3,13731,0.6283,1
12,2351,7,104,1,0,18,725,0.0726,0.0909,3636,0.1723,5,1121,0.1127,2,0,0.0,0,0,1,0,9987,0.6444,1
18,1332,12,163,1,0,9,182,0.0312,0.0217,1943,0.2249,7,525,0.0908,0,1,0.0001,1,0,6,1,5826,0.0673,1
9,1049,7,105,1,0,16,100,0.0224,0.0556,1573,0.2222,2,411,0.0926,0,0,0.0,1,0,1,0,4474,0.148,1
7,2231,5,506,1,0,6,261,0.0289,0.25,3774,0.2459,4,1890,0.2104,0,0,0.0,1,1,0,1,9019,0.0783,1
9,2962,4,58,1,1,30,1494,0.1036,0.2353,3954,0.1516,3,2123,0.1474,0,0,0.0,1,1,6,0,14416,0.3888,1
15,2013,2,122,1,1,23,765,0.0871,0.1429,2903,0.1741,3,806,0.0919,0,2,0.0001,1,0,5,1,8786,0.4773,1
15,1846,4,161,1,0,13,144,0.0183,0.1,2401,0.2045,3,1044,0.1333,5,1,0.0001,1,0,6,1,7853,0.0566,1
9,1848,3,251,1,0,6,252,0.0296,0.0625,2428,0.1601,0,739,0.087,0,0,0.0,1,0,6,1,8507,0.4136,1
19,854,2,79,1,0,7,188,0.0515,0.0769,1007,0.1848,7,377,0.1036,0,1,0.0002,1,1,4,0,3652,0.1157,1
8,805,2,64,1,1,8,308,0.087,0.0667,1179,0.1789,1,433,0.1228,0,0,0.0,1,1,2,0,3541,0.4112,1
10,512,7,50,1,1,5,105,0.0389,0.0392,472,0.1301,2,93,0.0351,0,0,0.0,0,0,4,1,2697,0.1531,1
24,3448,10,270,1,1,22,1778,0.1002,0.2308,5300,0.1954,12,1513,0.0854,0,1,0.0,1,0,1,1,17750,0.146,1
19,942,13,79,1,0,9,243,0.0569,0.0182,1102,0.1788,7,367,0.087,0,1,0.0002,1,1,2,0,4271,0.1129,1
11,3746,6,149,1,0,17,1043,0.0607,0.175,5501,0.2089,4,1278,0.0745,0,2,0.0001,1,1,1,0,17185,0.1406,1
9,738,12,80,1,0,6,58,0.0199,0.1509,1009,0.2119,1,398,0.1393,5,0,0.0,0,0,2,1,2911,0.1718,1
7,9802,7,402,1,0,33,6765,0.1314,0.2,12825,0.1491,21,5925,0.1151,0,3,0.0,1,1,4,0,51496,0.3073,1
19,8443,4,344,1,0,47,7778,0.1594,0.1364,11851,0.1478,8,4954,0.1016,0,1,0.0,1,0,3,0,48805,0.2926,1
12,1631,4,283,1,0,8,513,0.0757,0.0667,2590,0.1984,2,790,0.1171,0,0,0.0,0,0,1,3,6778,0.4336,1
15,3839,4,621,1,0,24,422,0.0277,0.1,5175,0.1917,7,1459,0.0957,10,2,0.0001,1,0,3,2,15260,0.335,1
12,3217,4,277,1,0,26,841,0.0627,0.0588,4909,0.1738,8,1561,0.1167,0,0,0.0,0,0,6,3,13413,0.6278,1
12,18371,7,392,1,0,79,8754,0.0993,0.0,26159,0.174,68,10611,0.1204,2,5,0.0,1,1,4,1,88156,0.2872,0
12,12058,4,395,1,0,70,7016,0.1148,0.0714,15657,0.1755,57,6808,0.1115,2,4,0.0,1,1,3,2,61093,0.0897,0
7,228,5,33,1,1,4,73,0.0716,0.5714,284,0.152,0,76,0.0767,0,0,0.0,0,0,0,1,1019,0.5217,0
10,3410,6,193,1,1,22,3230,0.155,0.0833,4075,0.141,3,2093,0.1006,0,2,0.0001,1,1,3,3,20842,0.092,0
9,7940,3,656,1,0,31,2203,0.0571,0.0417,12274,0.0902,13,3801,0.0986,0,0,0.0,1,0,3,1,38574,2.1124,0
12,11454,10,342,1,0,44,4199,0.0785,0.1017,16176,0.1648,34,6136,0.1149,2,2,0.0,1,1,0,1,53470,0.4171,0
15,3915,7,314,1,0,28,1164,0.0711,0.0233,5225,0.1416,16,3800,0.2328,5,1,0.0,1,1,1,1,16368,0.7068,0
12,19021,11,406,1,0,83,9137,0.0989,0.0896,27146,0.1706,67,10334,0.1119,2,4,0.0,1,1,5,1,92399,0.3161,0
16,1712,6,287,1,1,11,346,0.0462,0.0357,2499,0.2254,5,627,0.084,0,1,0.0001,1,0,2,0,7490,0.0667,0
7,1774,3,1497,1,0,2,18169,0.4824,0.0435,1930,0.0408,0,7558,0.2008,0,0,0.0,0,0,2,0,37663,0.0045,0
9,1901,5,169,1,1,14,550,0.0605,0.1613,2043,0.1603,7,872,0.0963,0,1,0.0001,1,1,4,0,9085,0.0852,0
5,732,7,58,1,1,14,180,0.0481,0.0167,703,0.137,2,120,0.0326,0,0,0.0,0,0,1,0,3746,0.1636,0
12,7208,7,341,1,0,22,2000,0.0595,0.0294,9978,0.1087,17,3661,0.109,0,2,0.0,1,1,3,1,33621,1.3209,0
16,4357,6,251,1,0,40,11141,0.3149,0.093,4942,0.0978,34,5604,0.1586,0,10,0.0002,1,1,4,0,35377,0.1215,0
12,13002,11,402,1,1,50,4990,0.0815,0.0921,18383,0.1628,41,7081,0.1158,2,2,0.0,1,1,2,1,61234,0.4269,0
12,15878,8,336,1,0,67,7659,0.1,0.1207,22524,0.1707,57,8527,0.1114,2,2,0.0,1,1,5,1,76588,0.3162,0
15,3810,4,168,1,0,32,712,0.0441,0.0345,5093,0.1486,16,2398,0.1487,0,1,0.0,1,1,3,2,16159,0.6592,0
12,18305,9,405,1,0,79,8475,0.0957,0.1091,26097,0.1694,63,10278,0.1161,2,6,0.0,1,1,3,1,88594,0.327,0
23,4927,10,307,1,0,18,803,0.0334,0.2698,6667,0.151,1,1532,0.064,0,2,0.0,1,1,1,1,24016,0.5011,0
21,5878,3,261,1,1,50,4978,0.1612,0.0625,6852,0.1079,32,3820,0.1238,0,2,0.0,1,1,0,3,30872,0.7118,0
14,5087,16,157,1,0,60,1536,0.0595,0.1404,7120,0.1824,20,1652,0.0641,0,0,0.0,1,0,1,0,25827,0.1744,0
16,623,6,128,1,0,12,65,0.0268,0.4419,887,0.1459,1,238,0.0999,0,0,0.0,0,0,6,1,2425,1.0789,0
10,2621,10,230,1,1,23,1557,0.1035,0.125,3144,0.1483,1,1175,0.0784,0,2,0.0001,1,1,1,1,15049,0.1254,0
12,9905,7,342,1,0,37,3620,0.078,0.1296,13936,0.16,29,5082,0.1096,2,2,0.0,1,1,2,0,46436,0.4647,0
12,5222,7,276,1,1,21,2709,0.0952,0.0526,7127,0.1344,13,2249,0.0792,0,0,0.0,1,1,2,0,28447,0.5367,0
13,11269,10,315,1,1,46,3175,0.0587,0.0588,15344,0.1883,32,6167,0.1142,0,0,0.0,1,1,0,0,54049,0.1085,0
12,14773,4,251,1,0,62,6894,0.0963,0.0714,19774,0.1315,54,7832,0.1094,0,2,0.0,1,1,1,1,71619,0.7126,0
12,9888,8,344,1,0,40,4653,0.0961,0.0667,13442,0.1202,35,5380,0.1112,0,9,0.0001,1,1,2,0,48395,0.9199,0
13,1421,7,192,1,0,19,186,0.029,0.1892,1832,0.1487,0,426,0.0667,0,0,0.0,1,0,2,1,6424,0.5754,0
19,5310,6,127,1,1,67,2889,0.0981,0.05,8477,0.184,32,3413,0.116,12,2,0.0,1,1,2,2,29455,0.1519,0
21,5284,4,245,1,1,46,2921,0.1197,0.0333,5454,0.1554,20,3488,0.1432,0,2,0.0001,1,1,2,3,24393,0.0731,0
12,15583,7,392,1,0,66,7619,0.1014,0.0,22126,0.17,58,8733,0.1163,2,2,0.0,1,1,4,1,75157,0.3196,0
10,67,12,21,0,1,3,13,0.0309,0.0462,32,0.0717,0,0,0.0,0,0,0.0,0,0,3,1,421,0.1629,0
13,388,3,46,1,1,3,54,0.0269,0.0435,454,0.1495,8,104,0.0524,0,0,0.0,0,0,6,0,2006,0.2496,0
12,19321,8,402,1,0,84,9192,0.0984,0.102,27535,0.1708,67,10775,0.1155,4,4,0.0,1,1,3,1,93376,0.3146,0
10,792,11,88,1,1,10,139,0.0412,0.129,823,0.1671,4,253,0.0764,0,0,0.0,0,1,5,1,3372,0.1604,0
28,2673,7,145,1,1,11,186,0.0161,0.0889,3490,0.1775,2,1175,0.1021,0,0,0.0,1,0,2,0,11558,0.3024,0
12,16605,10,397,1,0,83,10094,0.1194,0.1132,23838,0.1672,76,10013,0.1186,0,2,0.0,1,1,6,2,84507,0.2851,0
22,620,2,87,1,0,3,240,0.0825,0.2,562,0.1316,2,143,0.0493,4,0,0.0,1,0,4,1,2909,0.229,0
11,3878,4,167,1,0,24,5937,0.2318,0.1176,4945,0.1416,22,3610,0.141,0,0,0.0,1,0,3,0,25614,0.03,0
9,11,0,11,0,0,0,2,0.0377,0.0,3,0.0441,0,0,0.0,0,0,0.0,0,0,5,3,53,0.1887,0
18,2147,5,109,1,0,17,3103,0.2246,0.1765,2671,0.1109,14,1337,0.0969,3,2,0.0001,1,0,1,0,13817,0.455,0
12,16148,11,359,1,0,68,7173,0.0934,0.0909,22669,0.1718,54,8047,0.1048,0,2,0.0,1,1,0,1,76814,0.3167,0
15,4006,6,507,1,0,29,1057,0.0616,0.1176,5335,0.1413,16,2906,0.1696,5,1,0.0,1,1,6,1,17167,0.7213,0
13,136,6,42,1,0,1,107,0.1419,0.0645,131,0.1318,1,83,0.1148,0,0,0.0,1,0,3,3,754,0.0788,0
5,5462,2,292,1,1,39,2265,0.0809,0.05,7976,0.1261,5,2731,0.0977,0,2,0.0,1,0,4,1,27981,0.8789,0
21,10212,4,370,1,1,96,5820,0.122,0.1765,10473,0.154,60,6227,0.1305,0,2,0.0,1,1,4,3,47722,0.0748,0
12,10714,10,402,1,0,42,3777,0.0741,0.0972,15154,0.1565,30,5516,0.1084,2,4,0.0,1,1,0,1,50978,0.4928,0
21,10708,4,304,1,0,64,2056,0.0439,0.0476,17462,0.1821,50,4876,0.1043,24,0,0.0,1,0,3,3,46785,0.5727,0
22,1015,7,89,1,0,5,304,0.064,0.0732,1012,0.1399,2,216,0.0459,4,0,0.0,1,0,1,0,4752,0.2732,0
12,16083,19,358,1,0,68,7418,0.0967,0.0921,22295,0.1415,53,7733,0.101,2,2,0.0,1,1,0,1,76678,0.6622,0
8,755,8,84,1,0,13,179,0.0556,0.0769,1076,0.1331,0,225,0.0704,3,0,0.0,0,0,0,1,3221,1.123,0
9,3950,9,295,1,0,45,3278,0.1369,0.1765,5914,0.1701,43,3071,0.1284,0,3,0.0001,1,1,1,0,23945,0.0723,0
9,3021,9,946,1,0,8,1552,0.0956,0.04,3878,0.1732,6,1046,0.0647,0,0,0.0,1,0,2,3,16226,0.0778,0
12,16288,14,359,1,0,68,7388,0.0954,0.0781,22552,0.1418,54,8082,0.1045,2,2,0.0,1,1,5,1,77415,0.6582,0
22,2655,4,140,1,1,16,270,0.023,0.0526,3520,0.1796,5,1071,0.0914,0,0,0.0,1,0,1,0,11734,0.281,0
21,5757,5,304,1,0,40,1507,0.0587,0.1786,8998,0.1805,30,3199,0.1248,14,0,0.0,1,0,1,2,25666,0.4691,0
12,17437,10,393,1,0,70,7410,0.0903,0.0741,24420,0.1735,57,8962,0.1093,2,2,0.0,1,1,4,1,82022,0.3074,0
18,909,6,163,1,0,6,108,0.0274,0.0571,1384,0.2332,4,366,0.0938,0,1,0.0002,1,0,0,0,3938,0.0723,0
7,838,5,131,1,0,10,144,0.0399,0.16,1054,0.1874,0,380,0.1061,0,2,0.0004,0,0,0,3,3606,0.1695,0
12,16488,15,358,1,0,68,7103,0.0908,0.1368,23368,0.1732,57,8849,0.1132,0,2,0.0,1,1,2,3,78269,0.3117,0
12,17134,10,397,1,0,87,10584,0.1202,0.2041,24489,0.1637,77,9596,0.1091,0,4,0.0,1,1,0,3,88027,0.3111,0
7,5702,5,399,1,1,27,1185,0.0454,0.1364,8736,0.0864,2,2417,0.0926,9,0,0.0,1,0,3,2,26121,2.4464,0
21,6290,5,304,1,0,44,1743,0.0611,0.1351,9694,0.1762,32,3570,0.1254,16,0,0.0,1,0,5,0,28517,0.4664,0
12,11392,16,393,1,0,46,4464,0.0822,0.0847,16171,0.1584,34,6206,0.1144,2,4,0.0,1,1,5,1,54323,0.4661,0
9,85,0,22,1,1,0,16,0.0431,0.0,42,0.0864,2,2,0.0054,0,0,0.0,0,0,3,2,371,0.1914,0
10,3436,8,79,1,1,83,16825,0.4207,0.125,4119,0.0752,36,7831,0.196,0,0,0.0,1,0,4,3,39993,0.0703,0
18,1612,8,357,1,0,10,210,0.0305,0.1081,2330,0.2239,7,751,0.1095,0,1,0.0001,1,0,3,2,6896,0.0678,0
12,8569,9,344,1,0,28,1210,0.0313,0.0513,12250,0.1605,22,4479,0.116,0,2,0.0,1,1,5,2,38647,0.5394,0
7,5858,5,399,1,1,28,1169,0.044,0.1364,8950,0.0899,3,2568,0.0968,9,0,0.0,1,0,0,2,26540,2.321,0
12,9768,8,343,1,0,35,3385,0.0739,0.0222,13733,0.1598,27,4856,0.1061,0,2,0.0,1,1,2,0,45816,0.4681,0
12,15898,10,358,1,0,67,7408,0.0979,0.1538,22043,0.1404,54,8205,0.1085,0,2,0.0,1,1,1,1,75695,0.6734,0
12,17178,8,339,1,0,70,7327,0.0907,0.0889,24359,0.1746,58,9454,0.117,2,5,0.0,1,1,5,3,80825,0.3064,0
12,17912,10,393,1,0,74,7910,0.0933,0.1186,25030,0.1701,56,8668,0.1023,2,4,0.0,1,1,3,1,84821,0.3361,0
8,497,4,89,1,0,4,79,0.0351,0.25,637,0.1462,0,139,0.0624,0,1,0.0002,0,0,2,1,2250,0.6083,0
12,10643,9,401,1,0,42,3835,0.0758,0.0811,15065,0.1563,30,5531,0.1095,2,4,0.0,1,1,3,1,50592,0.4972,0
13,1328,8,94,1,0,11,767,0.1094,0.0857,1595,0.1281,7,659,0.0945,2,0,0.0,1,1,3,3,7010,0.4614,0
12,11802,12,402,1,0,44,4361,0.0788,0.0886,16627,0.1601,36,6232,0.1127,2,2,0.0,1,1,4,1,55363,0.4623,0
21,7796,6,301,1,0,57,1614,0.046,0.0294,12750,0.1766,41,4703,0.1342,26,0,0.0,1,0,6,2,35086,0.5612,0
9,843,11,105,1,0,15,41,0.0115,0.1404,1195,0.2161,1,319,0.0913,0,0,0.0,0,0,1,1,3550,0.1494,0
16,2448,4,269,1,0,6,116,0.0109,0.1538,3504,0.1859,1,794,0.0746,0,0,0.0,1,1,2,3,10673,0.3668,0
12,3797,4,265,1,1,21,978,0.0546,0.16,4544,0.1724,17,1456,0.0813,0,8,0.0003,1,0,2,0,17926,0.1277,0
21,9665,4,303,1,0,67,2440,0.0563,0.0526,15665,0.18,52,5338,0.1232,28,0,0.0,1,0,5,2,43347,0.5241,0
10,6607,6,228,1,0,59,15776,0.2937,0.0357,8129,0.0788,53,8594,0.1601,0,0,0.0,1,0,1,0,53714,0.6089,0
11,2467,10,301,1,0,20,261,0.0237,0.087,3175,0.1622,10,1094,0.0999,0,0,0.0,1,0,4,0,11023,0.3956,0
12,18813,14,340,1,0,78,7429,0.084,0.0784,26434,0.1761,63,9764,0.1106,2,2,0.0,1,1,1,1,88412,0.288,0
12,914,4,98,1,0,11,136,0.0339,0.1818,1141,0.1726,4,354,0.0887,1,0,0.0,0,0,2,0,4014,0.2816,0
8,11812,6,439,1,1,30,2380,0.043,0.1034,16859,0.213,2,5117,0.0925,5,0,0.0,1,0,3,2,55360,0.0335,0
21,10737,4,304,1,0,65,2003,0.0428,0.0476,17456,0.1826,51,4832,0.1034,23,0,0.0,1,0,5,1,46762,0.5687,0
17,4249,7,231,1,0,33,608,0.033,0.2143,5567,0.1696,20,1806,0.0983,0,2,0.0001,1,0,0,3,18414,0.3849,0
16,80,4,22,1,1,2,61,0.1768,0.1667,87,0.1562,0,73,0.2274,0,0,0.0,0,0,6,0,345,0.2368,0
12,18850,15,340,1,0,78,7412,0.0836,0.102,26495,0.1762,63,9709,0.1097,2,2,0.0,1,1,3,1,88611,0.2876,0
17,3886,9,210,1,1,37,305,0.0168,0.1017,5543,0.143,9,3206,0.1768,0,0,0.0,1,0,1,2,18190,0.6555,0
12,17136,11,393,1,0,69,7733,0.0953,0.0781,23950,0.1727,56,8406,0.1037,2,2,0.0,1,1,5,0,81152,0.3087,0
11,99,9,31,1,1,3,124,0.2275,0.6604,106,0.1589,0,14,0.0285,0,0,0.0,0,0,3,1,545,0.1037,0
12,16639,9,406,1,0,71,7909,0.0988,0.1,23589,0.1672,57,9278,0.116,6,4,0.0,1,1,0,1,80030,0.351,0
11,494,5,82,1,1,3,164,0.0662,0.1111,286,0.0878,2,112,0.0459,0,0,0.0,0,0,5,0,2476,0.1676,0
21,294,5,61,1,0,4,51,0.0333,0.2069,235,0.112,4,129,0.0859,0,0,0.0,0,0,6,0,1530,0.1552,0
15,4073,6,507,1,0,29,1126,0.065,0.1176,5405,0.141,16,3275,0.1895,5,1,0.0,1,1,3,1,17317,0.7151,0
34,2862,8,163,1,1,16,231,0.0189,0.0526,3734,0.1779,4,1282,0.105,0,0,0.0,1,0,4,1,12250,0.3077,0
12,10581,10,349,1,1,37,4077,0.08,0.3,14662,0.1572,30,5220,0.1025,0,11,0.0001,1,1,5,0,50980,0.4364,0
12,12099,11,406,1,0,48,4402,0.0768,0.0909,17149,0.1598,34,6511,0.1137,2,4,0.0,1,1,5,1,57323,0.4576,0
22,3264,7,153,1,1,25,2553,0.1442,0.0455,5300,0.0676,1,1317,0.0746,0,0,0.0,1,1,0,0,17706,3.0647,0
14,5256,7,746,1,1,36,1134,0.0472,0.0923,7931,0.1923,27,2606,0.1087,27,1,0.0,0,1,0,3,24042,0.2802,0
12,16173,9,358,1,0,68,7586,0.0979,0.1053,22440,0.1414,54,7595,0.0981,0,2,0.0,1,1,1,1,77509,0.6596,0
12,16778,14,401,1,0,83,10377,0.1227,0.1081,23882,0.1673,76,10097,0.1195,0,2,0.0,1,1,4,2,84571,0.2854,0
12,17441,9,340,1,0,71,7330,0.089,0.0678,24724,0.1748,60,9355,0.1136,0,2,0.0,1,1,2,3,82401,0.3023,0
12,3620,4,335,1,0,27,2039,0.1079,0.0435,4864,0.1759,19,1845,0.0977,0,2,0.0001,1,0,1,1,18904,0.1005,0
12,3634,4,335,1,0,27,2107,0.1113,0.0435,4878,0.1762,19,1828,0.0966,0,2,0.0001,1,0,1,1,18939,0.1003,0
20,3619,5,203,1,0,58,479,0.0267,0.3548,4937,0.157,42,4297,0.2396,0,4,0.0001,1,0,1,1,17963,0.2385,0
17,1592,2,197,1,1,5,129,0.018,0.0476,2041,0.1648,1,449,0.063,0,0,0.0,1,0,3,1,7151,0.3872,0
15,2517,14,240,1,1,16,354,0.0305,0.1042,2847,0.1423,0,759,0.0657,0,1,0.0,1,0,1,0,11593,0.4204,0
10,2617,8,230,1,1,23,1550,0.1033,0.14,3140,0.1486,1,1165,0.0779,0,2,0.0001,1,1,1,1,14999,0.1248,0
12,11155,8,338,1,0,43,4022,0.0767,0.1207,15759,0.1577,29,5812,0.1109,2,4,0.0,1,1,0,1,52456,0.4925,0
12,17501,12,337,1,0,74,8350,0.0991,0.08,24802,0.1729,62,9312,0.1106,2,2,0.0,1,1,1,1,84268,0.2966,0
12,4183,8,303,1,0,24,2234,0.1055,0.0278,5456,0.1764,17,2049,0.097,0,2,0.0001,1,1,2,0,21166,0.1007,0
10,662,4,67,1,0,2,122,0.0428,0.0476,752,0.1792,3,223,0.0789,0,1,0.0002,1,1,1,1,2849,0.1383,0
14,1010,3,136,1,1,2,167,0.0374,0.0526,1289,0.1651,1,380,0.0855,0,0,0.0,1,1,1,1,4461,0.3818,0
12,10735,10,393,1,0,42,3789,0.0744,0.0972,15191,0.1564,30,5605,0.1102,2,4,0.0,1,1,4,1,50951,0.4969,0
10,5480,8,95,1,0,14,2128,0.0794,0.0882,6604,0.1739,0,773,0.0289,0,0,0.0,1,0,5,2,26809,0.1426,0
19,6305,9,663,1,0,61,2955,0.1037,0.0294,9261,0.1986,51,4705,0.1653,0,0,0.0,1,1,6,3,28499,0.1474,0
11,3995,4,167,1,0,24,5863,0.2279,0.1176,5057,0.1439,22,3609,0.1404,0,0,0.0,1,0,2,2,25725,0.03,0
15,6377,2,102,1,0,57,15591,0.3021,0.0526,9602,0.1228,33,8525,0.1652,12,2,0.0,1,1,0,3,51610,0.1568,0
12,3631,7,329,1,0,26,1004,0.0574,0.1613,4354,0.1704,20,1552,0.089,0,2,0.0001,1,1,2,2,17479,0.1155,0
19,3431,7,525,1,0,18,2649,0.1532,0.0303,5354,0.193,3,3962,0.2296,0,1,0.0,1,0,5,1,17291,0.067,0
12,16848,8,393,1,0,68,7637,0.0961,0.1905,23587,0.1725,55,8620,0.1085,2,2,0.0,1,1,5,0,79509,0.3128,0
12,1734,6,96,1,1,15,286,0.0388,0.0909,2190,0.1614,1,964,0.1314,0,1,0.0001,1,1,0,1,7371,0.4169,0
14,4169,7,232,1,1,21,2123,0.1024,0.0312,6417,0.1566,12,1971,0.0952,0,0,0.0,1,0,5,0,20734,0.5745,0
14,1010,3,136,1,1,2,165,0.037,0.0526,1289,0.1651,1,383,0.0863,0,0,0.0,1,1,2,1,4458,0.3821,0
12,4192,9,335,1,1,27,2330,0.108,0.04,5495,0.1758,20,1974,0.0917,0,2,0.0001,1,0,5,0,21571,0.0973,0
21,7621,6,301,1,0,57,982,0.0296,0.0294,12441,0.1789,41,4266,0.1285,26,0,0.0,1,0,6,1,33222,0.5922,0
12,4185,8,303,1,0,24,2307,0.1085,0.0278,5436,0.1758,17,1961,0.0923,0,2,0.0001,1,1,2,0,21271,0.1002,0
11,7037,7,247,1,0,33,9564,0.214,0.8372,9649,0.1594,21,4647,0.1041,0,9,0.0001,1,0,1,1,44700,0.0349,0
12,10976,6,390,1,0,43,3631,0.07,0.0238,15554,0.1574,29,5806,0.112,2,4,0.0,1,1,3,1,51861,0.4911,0
8,23,11,10,0,0,1,18,0.0942,0.0571,10,0.0521,0,0,0.0,0,0,0.0,0,0,2,0,191,0.141,0
10,4386,9,96,1,0,12,1722,0.0802,0.1111,5294,0.1737,0,647,0.0302,0,0,0.0,1,0,5,1,21468,0.1456,0
12,16502,20,360,1,0,69,7380,0.0944,0.0759,22825,0.1426,54,8044,0.1031,2,2,0.0,1,1,5,0,78137,0.6525,0
12,4496,5,390,1,0,36,2653,0.1064,0.0476,6105,0.1704,26,2411,0.0968,0,4,0.0001,1,1,6,1,24931,0.0898,0
12,12751,12,342,1,0,50,5014,0.0837,0.1528,18025,0.1672,40,6944,0.1161,2,2,0.0,1,1,5,0,59876,0.3826,0
12,17323,8,396,1,0,71,7554,0.0918,0.225,24196,0.168,58,8849,0.1076,4,4,0.0,1,1,3,1,82245,0.3475,0
12,17744,9,396,1,0,73,7555,0.0895,0.098,24798,0.1688,56,8700,0.1031,2,4,0.0,1,1,4,0,84414,0.3424,0
12,2767,6,212,1,1,19,620,0.0495,0.0588,3579,0.1891,13,1142,0.0915,0,2,0.0001,1,0,6,1,12513,0.1257,0
12,4238,9,335,1,1,28,2272,0.1046,0.0408,5558,0.1752,21,2209,0.102,0,2,0.0001,1,0,6,0,21712,0.0984,0
10,517,3,81,1,0,4,240,0.0988,0.0455,534,0.1341,3,221,0.0918,0,0,0.0,1,0,1,1,2430,0.3405,0
9,964,5,323,1,1,3,181,0.0417,0.1034,1110,0.1844,0,244,0.0566,0,0,0.0,0,0,1,0,4341,0.0816,0
10,49,10,22,0,0,2,3,0.0096,0.0,34,0.1003,0,6,0.0229,0,0,0.0,0,0,2,2,311,0.1374,0
12,17415,10,393,1,0,69,7546,0.0915,0.1186,24330,0.1692,55,8645,0.105,4,2,0.0,1,1,0,1,82429,0.3431,0
12,17369,11,405,1,0,74,8184,0.0968,0.3134,24788,0.1685,59,9152,0.1084,2,4,0.0,1,1,0,1,84522,0.3385,0
12,6786,7,210,1,1,37,1421,0.046,0.0769,8860,0.1897,27,3103,0.1006,0,2,0.0,1,1,6,1,30886,0.1209,0
21,294,5,61,1,0,4,51,0.0328,0.2069,235,0.112,4,105,0.0689,0,0,0.0,0,0,6,1,1554,0.1528,0
21,9656,5,302,1,0,67,2402,0.0556,0.0588,15584,0.1798,52,5245,0.1216,28,0,0.0,1,0,4,1,43163,0.5256,0
19,4387,3,533,1,0,20,3095,0.1401,0.5455,6529,0.1902,5,4249,0.1926,0,14,0.0004,1,0,4,1,22086,0.0669,0
21,8847,4,367,1,0,98,4797,0.1168,0.15,9103,0.1547,40,5658,0.1378,0,2,0.0,1,1,2,3,41084,0.0725,0
10,4963,6,318,1,1,19,1515,0.0621,0.25,7487,0.1239,1,2090,0.0858,0,7,0.0001,1,0,2,0,24402,1.0857,0
12,18769,15,349,1,0,78,7148,0.0812,0.102,26435,0.1761,63,10082,0.1146,2,2,0.0,1,1,0,1,88048,0.2894,0
12,17789,8,393,1,0,70,7606,0.0906,0.125,24888,0.1705,54,8562,0.1021,6,4,0.0,1,1,0,1,83910,0.3395,0
5,1476,6,195,1,1,7,314,0.047,0.1562,1869,0.1844,2,634,0.0953,0,0,0.0,1,0,0,1,6685,0.1461,0
5,9464,3,241,1,1,58,3799,0.0796,0.1613,14602,0.1171,4,4785,0.1003,0,2,0.0,1,0,2,0,47722,1.2081,0
12,11165,8,395,1,0,37,4433,0.0831,0.0732,16154,0.1648,33,6077,0.114,0,2,0.0,1,1,2,1,53366,0.4179,0
16,1133,9,193,1,0,8,1792,0.2358,0.0213,1356,0.1317,0,893,0.1182,0,1,0.0001,1,0,0,1,7600,0.0651,0
10,188,4,25,1,1,3,121,0.1127,0.1,133,0.0967,2,66,0.0632,0,0,0.0,0,0,5,0,1074,0.1274,0
12,18311,6,394,1,0,70,7115,0.0795,0.0606,25132,0.1677,63,9783,0.1093,0,2,0.0,1,1,1,0,89524,0.2827,0
12,11146,11,408,1,0,43,3922,0.0743,0.0896,15752,0.1573,30,5702,0.1082,2,4,0.0,1,1,2,1,52755,0.4901,0
10,4418,13,100,1,0,12,1706,0.0788,0.0448,5305,0.1729,0,646,0.0299,0,0,0.0,1,0,5,1,21654,0.1455,0
12,16729,9,396,1,0,83,10373,0.1221,0.102,23770,0.1661,76,10042,0.1183,0,2,0.0,1,1,5,3,84929,0.2856,0
10,1900,7,79,1,0,15,1630,0.152,0.0333,3142,0.184,6,1055,0.0986,0,0,0.0,1,0,1,1,10726,0.2038,0
21,8460,4,306,1,0,61,2170,0.0559,0.04,13684,0.1774,48,4800,0.1238,25,0,0.0,1,0,5,1,38801,0.5124,0
12,16534,8,359,1,0,69,7695,0.0983,0.0909,22905,0.1426,53,8268,0.1057,2,2,0.0,1,1,0,1,78292,0.6528,0
16,3388,4,309,1,0,24,6475,0.2631,0.037,4752,0.1165,19,3352,0.1363,0,1,0.0,1,1,4,0,24613,0.3216,0
35,2822,8,163,1,1,15,215,0.0176,0.0233,3687,0.1774,5,1250,0.1029,0,0,0.0,1,0,2,0,12187,0.3043,0
21,11152,4,304,1,0,67,2252,0.0462,0.0476,18048,0.1807,52,5208,0.1069,26,0,0.0,1,0,3,2,48729,0.5731,0
22,3066,5,146,1,1,12,300,0.0225,0.0417,3603,0.1675,3,1182,0.0889,0,0,0.0,1,0,2,3,13324,0.2565,0
12,2727,6,329,1,1,19,623,0.0508,0.0588,3514,0.1886,13,1152,0.0941,0,2,0.0001,1,0,6,0,12273,0.1281,0
7,2254,3,346,1,0,11,379,0.0382,0.1875,3069,0.1185,2,1048,0.1057,5,2,0.0001,1,0,1,0,9929,1.1967,0
12,12453,11,403,1,0,50,4607,0.0781,0.0769,17675,0.1615,34,6649,0.1128,2,4,0.0,1,1,5,1,59026,0.4411,0
19,6020,7,663,1,0,66,2832,0.1066,0.122,9014,0.2026,56,4958,0.1869,0,0,0.0,1,1,1,3,26565,0.1502,0
16,2153,6,237,1,1,17,353,0.0389,0.1111,3175,0.2248,14,1299,0.1437,0,1,0.0001,1,1,0,2,9068,0.0672,0
12,4238,9,390,1,1,28,2123,0.0977,0.0392,5578,0.176,20,2092,0.0965,0,6,0.0002,1,0,2,0,21730,0.1,0
9,631,8,177,1,1,0,126,0.0486,0.2128,717,0.1727,1,178,0.07,0,0,0.0,0,1,5,2,2590,0.2804,0
11,101,10,31,1,1,3,64,0.1185,0.283,104,0.1562,0,14,0.0287,0,0,0.0,0,0,3,1,540,0.117,0
14,2494,9,232,1,0,17,2242,0.1584,0.0303,3816,0.1419,12,1414,0.1001,0,0,0.0,1,0,4,1,14157,0.5334,0
12,17018,10,358,1,0,71,7653,0.0946,0.0769,23906,0.1731,56,8286,0.1025,0,2,0.0,1,1,1,1,80938,0.3072,0
19,2798,3,420,1,0,14,2239,0.1572,0.0,4276,0.1914,3,2886,0.2026,0,3,0.0001,1,0,4,1,14245,0.0654,0
10,5197,8,533,1,1,42,7925,0.2196,0.1538,6159,0.1175,17,5122,0.1421,0,2,0.0,1,1,2,3,36094,0.1408,0
12,16627,8,342,1,0,69,7478,0.0947,0.0816,23622,0.1732,58,9079,0.115,0,2,0.0,1,1,1,3,79006,0.3111,0
9,2481,9,144,1,1,26,435,0.0341,0.0154,2473,0.1416,3,649,0.0512,0,0,0.0,0,1,3,1,12749,0.1299,0
15,4026,6,507,1,0,29,1084,0.0633,0.1176,5357,0.1412,16,3112,0.1821,5,1,0.0,1,1,0,1,17120,0.7233,0
12,15126,8,345,1,0,64,6701,0.0924,0.1042,21509,0.1703,56,8412,0.116,0,5,0.0,1,1,3,3,72536,0.3268,0
12,16971,9,396,1,0,87,10846,0.1238,0.1136,24329,0.1634,77,9456,0.108,0,4,0.0,1,1,2,0,87629,0.3126,0
14,2016,9,115,1,0,16,372,0.0424,0.1333,2622,0.1892,0,1217,0.1395,1,0,0.0,1,1,3,1,8770,0.1483,0
12,10689,6,390,1,0,42,3721,0.0736,0.0222,15155,0.157,29,5606,0.1109,2,4,0.0,1,1,5,1,50573,0.4961,0
15,277,5,43,1,1,4,38,0.0294,0.1667,386,0.1647,0,133,0.1052,0,0,0.0,0,0,0,3,1294,0.4438,0
12,8642,6,139,1,0,36,1991,0.0537,0.2143,13395,0.1913,27,5869,0.1583,0,8,0.0001,1,1,2,1,37108,0.3676,0
9,314,4,39,1,0,0,57,0.0403,0.1034,481,0.2131,0,66,0.0476,0,0,0.0,0,0,1,1,1416,0.2329,0
12,17834,8,396,1,0,75,8572,0.1006,0.25,24348,0.1358,55,8993,0.1056,2,4,0.0,1,1,3,0,85223,0.7116,0
12,1332,9,120,1,0,23,315,0.0548,0.0556,2008,0.1951,14,926,0.1625,0,0,0.0,0,1,6,0,5751,0.2919,0
12,4224,9,390,1,1,28,2206,0.1016,0.0408,5581,0.1766,20,2040,0.0942,0,2,0.0001,1,0,4,3,21702,0.1,0
14,11501,4,523,1,0,86,3489,0.0656,0.1667,15668,0.2009,23,6042,0.1137,6,5,0.0001,1,1,4,0,53165,0.0591,0
14,2349,12,232,1,0,16,2038,0.1549,0.0938,3644,0.1459,12,1253,0.0957,0,0,0.0,1,1,5,0,13158,0.5338,0
12,1566,13,93,1,0,26,381,0.0575,0.0938,2340,0.1935,15,1166,0.1777,1,0,0.0,0,1,5,0,6624,0.3095,0
20,4293,9,542,1,1,19,7031,0.2312,0.0476,5047,0.1164,13,2888,0.0951,0,0,0.0,1,1,1,3,30414,0.1668,0
12,16754,9,360,1,0,70,7799,0.0981,0.1017,23522,0.1728,59,8473,0.1067,2,2,0.0,1,1,4,1,79486,0.3088,0
12,17162,11,393,1,0,69,7392,0.0912,0.0952,23996,0.1725,58,8942,0.1104,2,2,0.0,1,1,5,0,81070,0.309,0
19,5520,4,700,1,0,49,1406,0.06,0.1,7910,0.2031,37,3420,0.1461,0,0,0.0,1,1,0,2,23426,0.1782,0
12,16569,9,343,1,0,68,7408,0.0947,0.1186,23515,0.1732,60,9490,0.1213,4,2,0.0,1,1,5,3,78266,0.3119,0
12,12096,4,397,1,0,70,7228,0.1182,0.0714,15740,0.1767,57,6552,0.1072,2,4,0.0,1,1,4,1,61146,0.0898,0
10,180,7,23,1,0,4,62,0.0713,0.0625,123,0.1041,6,119,0.142,0,0,0.0,0,0,1,2,870,0.1205,0
12,17252,7,393,1,0,67,7801,0.0957,0.1875,24119,0.1696,55,8297,0.1018,6,4,0.0,1,1,0,1,81521,0.3449,0
21,7785,6,301,1,0,57,1606,0.0459,0.0294,12740,0.1767,41,4727,0.1351,26,0,0.0,1,0,4,0,35015,0.562,0
21,8886,4,304,1,0,63,2449,0.0612,0.0476,14203,0.1762,49,5121,0.128,26,0,0.0,1,0,1,2,40037,0.5316,0
16,3931,7,177,1,0,40,10707,0.3183,0.1282,4429,0.093,36,5418,0.1613,0,6,0.0001,1,1,1,0,33639,0.1143,0
12,57,8,24,1,1,1,88,0.2245,0.05,61,0.1271,0,36,0.1023,0,0,0.0,0,1,6,3,392,0.0881,0
12,6340,4,395,1,1,34,3803,0.1144,0.2667,7640,0.1608,31,2945,0.0887,0,15,0.0003,1,1,5,3,33232,0.1058,0
19,6122,3,473,1,0,23,2639,0.0936,1.0,8896,0.2046,5,4643,0.1648,0,4,0.0001,1,0,1,1,28184,0.0623,0
21,8873,4,304,1,0,63,2443,0.061,0.0476,14192,0.1762,49,5051,0.1262,26,0,0.0,1,0,3,1,40057,0.531,0
10,65,9,16,0,1,3,13,0.0351,0.0732,30,0.0719,0,4,0.0122,0,0,0.0,0,1,5,0,370,0.1641,0
11,92,7,31,1,1,3,43,0.0872,0.1905,101,0.1626,0,14,0.031,0,0,0.0,0,0,3,1,493,0.1131,0
7,1774,3,1497,1,0,2,18169,0.4824,0.0435,1930,0.0408,0,7558,0.2008,0,0,0.0,0,0,5,3,37663,0.0045,0
18,1585,8,357,1,0,10,169,0.025,0.1026,2291,0.2256,6,681,0.1012,0,1,0.0001,1,0,3,1,6766,0.0676,0
21,6286,5,302,1,0,44,1739,0.0611,0.125,9725,0.1764,32,3680,0.1294,16,0,0.0,1,0,4,0,28459,0.467,0
12,8184,6,344,1,0,31,2785,0.071,0.0,11257,0.113,25,4172,0.1064,0,2,0.0,1,1,4,0,39247,1.1418,0
12,11000,10,390,1,0,43,3850,0.0739,0.1642,15602,0.1578,29,5594,0.1075,2,4,0.0,1,1,4,1,52107,0.4891,0
12,16532,6,359,1,0,67,7490,0.0953,0.1111,23101,0.1718,56,8185,0.1042,2,2,0.0,1,1,3,1,78576,0.3114,0
9,7650,10,253,1,1,30,2137,0.0546,0.0968,10876,0.1229,1,3301,0.0845,4,2,0.0,1,1,4,0,39141,0.9008,0
12,10444,10,401,1,0,38,3588,0.0734,0.1385,14705,0.1563,29,5427,0.1112,2,2,0.0,1,1,0,0,48876,0.5119,0
10,58,11,20,0,0,0,44,0.1341,0.1818,13,0.0342,0,14,0.0493,0,0,0.0,0,0,4,1,328,0.243,0
10,867,6,100,1,0,10,163,0.0395,0.125,1138,0.1932,6,291,0.0711,0,0,0.0,0,0,0,1,4124,0.0902,0
12,15954,8,350,1,1,72,4448,0.061,0.0,19369,0.1548,47,6807,0.0934,0,46,0.0004,1,1,4,3,72943,0.3531,0
12,13091,9,399,1,0,54,5018,0.0801,0.0862,18648,0.1626,39,7050,0.1127,2,4,0.0,1,1,2,1,62639,0.4194,0
19,3386,3,447,1,0,18,2768,0.1597,0.05,5150,0.1896,3,3583,0.207,0,4,0.0001,1,0,2,1,17333,0.0641,0
12,3627,4,335,1,0,26,2088,0.1101,0.0435,4850,0.1758,19,1757,0.0927,0,2,0.0001,1,0,1,0,18970,0.0988,0
12,16517,13,381,1,0,83,10788,0.128,0.1667,23678,0.1669,77,9968,0.1183,0,2,0.0,1,1,5,3,84296,0.2832,0
13,1403,6,192,1,0,19,183,0.0288,0.2143,1816,0.1485,0,414,0.0654,0,0,0.0,1,0,1,1,6357,0.5803,0
10,53,11,24,0,0,2,3,0.0087,0.0,38,0.1033,0,3,0.0103,0,0,0.0,0,0,2,2,346,0.1241,0
12,18053,8,396,1,0,75,8279,0.0965,0.125,24618,0.1363,56,9360,0.1091,8,4,0.0,1,1,4,0,85822,0.7081,0
15,1678,10,107,1,0,12,246,0.033,0.0392,2020,0.1298,15,507,0.0684,0,0,0.0,1,1,4,1,7461,0.7576,0
9,1034,4,257,1,0,10,207,0.0531,0.0714,1601,0.1901,5,364,0.0941,5,0,0.0,1,0,4,0,3896,0.6686,0
21,9643,4,303,1,0,67,2426,0.056,0.0526,15630,0.1799,52,5290,0.1222,28,0,0.0,1,0,5,2,43319,0.5235,0
12,12024,4,396,1,0,70,7048,0.1148,0.0714,15620,0.1754,57,6367,0.1037,2,5,0.0001,1,1,3,2,61411,0.0895,0
12,17075,9,352,1,0,70,7187,0.0886,0.0714,24249,0.1741,58,9082,0.112,2,2,0.0,1,1,3,3,81143,0.3052,0
12,7395,7,341,1,0,24,2229,0.0639,0.0294,10216,0.1094,19,3712,0.1065,0,2,0.0,1,1,3,1,34879,1.2753,0
12,18953,20,412,1,0,80,9120,0.1006,0.1429,26718,0.1736,70,10804,0.1194,2,2,0.0,1,1,2,1,90629,0.2841,0
12,18339,13,393,1,0,75,8113,0.0938,0.62,25629,0.171,56,8876,0.1027,4,4,0.0,1,1,4,1,86494,0.3322,0
12,10470,9,405,1,0,38,3568,0.0727,0.0845,14729,0.1565,29,5226,0.1066,2,2,0.0,1,1,4,1,49085,0.5098,0
16,80,4,22,1,1,2,63,0.1795,0.1667,87,0.1545,0,73,0.2232,0,0,0.0,0,0,6,3,351,0.2324,0
16,5613,5,391,1,0,32,8974,0.2318,0.0811,7575,0.1153,20,4942,0.1278,0,1,0.0,1,1,2,0,38720,0.3706,0
12,4240,9,335,1,1,28,2219,0.1021,0.04,5558,0.1753,21,2154,0.0993,0,2,0.0001,1,0,2,1,21739,0.0984,0
15,544,9,77,1,0,12,95,0.0367,0.0548,720,0.1837,2,178,0.0707,0,0,0.0,0,0,1,0,2592,0.1973,0
12,4195,9,335,1,1,27,2295,0.1061,0.0385,5503,0.1755,20,2003,0.0929,0,2,0.0001,1,0,2,1,21623,0.0977,0
16,249,10,34,1,0,4,111,0.0887,0.2909,263,0.1464,2,91,0.0761,0,0,0.0,1,0,4,3,1251,0.2023,0
12,14959,4,250,1,0,61,6407,0.0883,0.0714,20450,0.1632,51,7971,0.1098,0,2,0.0,1,1,2,0,72579,0.3332,0
12,12265,7,390,1,0,49,4576,0.0782,0.0435,17404,0.1606,35,6429,0.1099,2,4,0.0,1,1,0,1,58528,0.442,0
12,16412,10,359,1,0,69,7336,0.0938,0.102,23035,0.172,58,8213,0.1051,2,2,0.0,1,1,5,0,78224,0.3114,0
10,4159,16,141,1,1,52,10742,0.3221,0.0667,4459,0.0987,33,5587,0.1679,0,42,0.0009,1,0,5,0,33355,0.053,0
9,1814,8,193,1,0,20,242,0.0304,0.0645,2660,0.2139,1,618,0.0779,0,0,0.0,1,1,0,1,7966,0.1544,0
12,13272,6,392,1,0,54,5073,0.08,0.0256,18924,0.1632,40,7055,0.1113,2,4,0.0,1,1,5,1,63420,0.4167,0
12,17394,9,396,1,0,72,7619,0.0918,0.1212,24345,0.1683,55,8546,0.103,2,4,0.0,1,1,4,1,83019,0.3457,0
12,16323,11,407,1,0,70,8052,0.1021,0.6344,23127,0.1662,57,9201,0.1168,6,4,0.0,1,1,2,1,78864,0.3541,0
9,3938,8,295,1,0,45,3410,0.1424,0.1944,5833,0.1692,39,2854,0.1193,0,3,0.0001,1,1,1,0,23949,0.0727,0
11,18,5,9,0,0,1,6,0.0652,0.2381,13,0.1171,1,19,0.2676,0,0,0.0,0,0,6,2,92,0.1127,0
18,1383,13,201,1,1,9,522,0.0804,0.0816,1883,0.1993,8,648,0.1006,0,0,0.0,1,1,0,1,6491,0.0734,0
10,71,12,22,0,1,3,24,0.0541,0.1017,32,0.0646,0,12,0.0312,0,0,0.0,0,0,1,2,444,0.1714,0
19,6119,6,663,1,0,68,2876,0.1064,0.1351,9148,0.2023,57,5047,0.187,0,0,0.0,1,1,5,3,27029,0.1489,0
18,1660,5,185,1,1,24,149,0.0212,0.1,2220,0.2078,2,683,0.0977,0,0,0.0,1,0,3,1,7013,0.1123,0
12,13019,10,345,1,0,51,4908,0.08,0.0882,18410,0.168,41,6819,0.1112,2,2,0.0,1,1,4,1,61378,0.3732,0
12,4327,4,441,1,0,31,2364,0.1003,0.0455,5799,0.1717,20,1994,0.0847,0,4,0.0001,1,0,1,3,23571,0.0963,0
21,10632,4,306,1,0,63,2052,0.0439,0.04,17383,0.1829,49,4833,0.1034,26,0,0.0,1,0,5,2,46770,0.5577,0
21,10636,5,307,1,0,64,2055,0.044,0.05,17388,0.1829,49,4862,0.104,25,0,0.0,1,1,4,2,46753,0.5578,0
12,16925,11,400,1,0,72,8072,0.0992,0.1311,23998,0.172,63,9493,0.1168,2,2,0.0,1,1,4,0,81344,0.3026,0
12,18015,8,402,1,0,78,8307,0.0948,0.102,25672,0.1688,63,9817,0.1121,6,4,0.0,1,1,4,1,87649,0.3288,0
9,1034,4,257,1,0,10,207,0.0531,0.0714,1601,0.19,5,364,0.0941,5,0,0.0,1,0,1,0,3897,0.6684,0
13,1405,7,192,1,0,19,186,0.0291,0.1892,1816,0.1482,0,412,0.0649,0,0,0.0,1,0,3,0,6388,0.5786,0
19,7978,6,525,1,0,26,3272,0.0886,0.1905,11237,0.2009,5,5688,0.1542,5,4,0.0001,1,0,0,1,36919,0.0565,0
21,11408,4,303,1,0,67,1971,0.0398,0.0556,18773,0.1848,54,5111,0.1033,24,0,0.0,1,0,3,0,49499,0.5702,0
9,308,4,33,1,1,5,80,0.0522,0.8182,255,0.0927,0,117,0.0769,0,0,0.0,0,0,4,3,1533,0.5591,0
12,4573,5,390,1,0,39,2878,0.1112,0.0476,6200,0.1683,28,2361,0.0913,0,4,0.0001,1,1,4,0,25875,0.0871,0
15,4331,7,300,1,0,28,1398,0.0786,0.4286,5769,0.1401,16,4465,0.2516,7,1,0.0,1,1,0,1,17789,0.7418,0
12,14311,14,406,1,0,56,5714,0.0841,0.1098,20244,0.1653,46,7459,0.1099,5,2,0.0,1,1,4,1,67962,0.3936,0
19,4915,7,700,1,0,38,1446,0.0687,0.0357,7176,0.2039,27,3169,0.1509,0,0,0.0,1,1,3,3,21035,0.1828,0
12,16226,7,392,1,0,68,7566,0.0975,0.0,23017,0.1717,58,8897,0.1146,2,2,0.0,1,1,0,0,77637,0.3139,0
26,4326,14,109,1,0,63,5699,0.1891,0.1731,5818,0.1137,12,3357,0.1116,24,0,0.0,1,0,5,0,30138,0.3953,0
12,17429,17,393,1,0,70,7442,0.091,0.0972,24459,0.1746,54,8629,0.1056,2,2,0.0,1,1,0,1,81760,0.3079,0
21,7633,6,301,1,0,57,988,0.0297,0.0294,12450,0.1788,41,4286,0.129,26,0,0.0,1,0,1,2,33253,0.5921,0
31,30,2,11,0,0,0,22,0.1134,0.0667,17,0.0697,0,9,0.0503,0,0,0.0,0,0,1,1,194,0.2179,0
12,11053,13,390,1,0,43,3960,0.076,0.0816,15647,0.1578,29,5790,0.1112,4,4,0.0,1,1,2,1,52111,0.4896,0
5,643,4,58,1,1,12,242,0.075,0.0263,653,0.1452,4,132,0.0414,0,0,0.0,0,0,2,3,3228,0.1614,0
16,2153,6,237,1,1,17,337,0.0368,0.1111,3175,0.2248,14,1196,0.1308,0,1,0.0001,1,1,3,1,9168,0.0665,0
21,545,12,35,1,1,1,224,0.0803,0.1692,199,0.0568,0,83,0.0304,0,2,0.0006,1,1,5,1,2791,0.1816,0
12,13398,11,401,1,0,55,5104,0.0798,0.1594,19108,0.1638,39,7096,0.1111,2,4,0.0,1,1,0,1,63926,0.4139,0
19,6080,3,580,1,0,22,2746,0.0984,0.0,8985,0.2061,5,4924,0.1764,0,2,0.0,1,0,2,1,27911,0.063,0
12,12313,8,402,1,0,49,4734,0.0806,0.0943,17493,0.1605,34,6252,0.1065,2,4,0.0,1,1,3,1,58751,0.4492,0
17,1592,2,197,1,1,5,129,0.018,0.0476,2041,0.1648,1,449,0.063,0,0,0.0,1,0,3,1,7151,0.3872,0
12,10719,11,404,1,0,42,3727,0.0729,0.2949,15165,0.1564,30,5479,0.1074,2,4,0.0,1,1,0,1,51106,0.4918,0
11,257,12,48,1,1,0,71,0.0632,0.0882,283,0.1571,0,58,0.0532,0,0,0.0,1,0,4,0,1124,0.3394,0
21,10632,4,306,1,0,63,2051,0.0437,0.04,17383,0.1829,49,4708,0.1004,26,0,0.0,1,0,3,3,46895,0.5562,0
16,80,4,22,1,1,2,71,0.1989,0.1667,87,0.1529,0,73,0.2192,0,0,0.0,0,0,4,1,357,0.2282,0
12,12252,13,393,1,0,49,4469,0.0768,0.3125,17405,0.161,35,6558,0.1128,2,4,0.0,1,1,3,1,58200,0.4442,0
10,1072,4,321,1,1,0,123,0.0293,0.1429,825,0.1399,0,214,0.0512,0,0,0.0,0,1,1,1,4204,0.1599,0
9,332,5,83,1,1,1,47,0.0308,0.1034,447,0.1967,1,72,0.048,0,0,0.0,0,0,5,0,1528,0.1688,0
12,11673,6,344,1,0,45,5437,0.0931,0.1143,15848,0.1541,45,6074,0.1041,0,5,0.0,1,1,1,0,58389,0.3836,0
10,4386,9,96,1,0,12,1722,0.0802,0.1087,5294,0.1737,0,647,0.0302,0,0,0.0,1,0,1,1,21471,0.1456,0
10,4418,13,100,1,0,12,1706,0.0788,0.0448,5305,0.1729,0,646,0.0299,0,0,0.0,1,0,4,1,21654,0.1455,0
52,4800,8,165,1,0,24,512,0.0243,0.0847,7577,0.2344,1,1388,0.066,0,1,0.0,1,1,1,0,21090,0.1107,0
12,4128,8,303,1,0,24,2234,0.1066,0.0278,5360,0.1754,17,2013,0.0962,0,2,0.0001,1,1,2,1,20962,0.1001,0
12,14073,4,249,1,0,57,6000,0.0883,0.0714,18915,0.1303,49,7536,0.1109,0,2,0.0,1,1,0,0,67949,0.7451,0
8,9123,8,210,1,0,45,2950,0.069,0.0625,13804,0.188,4,4943,0.1157,2,3,0.0,1,1,2,1,42745,0.2798,0
12,13717,11,400,1,0,55,5658,0.087,0.0845,19427,0.1689,44,7346,0.1131,2,2,0.0,1,1,5,0,65002,0.3568,0
10,39,12,36,0,0,1,37,0.1434,0.1053,10,0.0389,0,9,0.0448,0,0,0.0,0,0,2,2,258,0.1841,0
12,10241,8,344,1,0,38,3430,0.072,0.1321,14392,0.1616,29,5213,0.1096,2,2,0.0,1,1,3,2,47621,0.4567,0
21,10603,3,303,1,0,63,2027,0.0437,0.0714,17380,0.1836,49,4860,0.1048,26,0,0.0,1,0,3,2,46379,0.5617,0
13,11328,4,108,1,0,12,908,0.0177,0.2143,18105,0.222,4,3425,0.0668,1,0,0.0,1,0,4,1,51322,0.1701,0
18,1662,5,109,1,0,14,2570,0.2344,0.25,2065,0.1082,12,1097,0.1002,3,1,0.0001,1,0,3,0,10964,0.454,0
12,12019,4,399,1,0,70,7509,0.1221,0.0526,15714,0.1763,57,6264,0.1019,2,2,0.0,1,1,5,1,61484,0.0894,0
21,10631,5,307,1,0,63,2053,0.0438,0.05,17382,0.183,49,4715,0.1007,26,0,0.0,1,1,4,2,46859,0.5566,0
10,483,4,40,0,0,10,79,0.0253,0.1111,213,0.0563,0,34,0.011,0,0,0.0,0,0,0,1,3121,0.1422,0
13,399,1,63,1,0,5,159,0.0847,0.1111,512,0.1882,0,131,0.0701,2,0,0.0,0,1,5,0,1877,0.1103,0
21,9600,6,304,1,0,67,2318,0.0537,0.0345,15531,0.1792,53,5264,0.122,26,0,0.0,1,0,6,3,43163,0.5276,0
12,17802,8,396,1,0,75,8034,0.0944,0.1463,24312,0.1357,55,9068,0.1066,2,4,0.0,1,1,3,0,85069,0.713,0
12,1174,3,64,1,0,18,352,0.0714,0.069,1812,0.1911,4,643,0.1313,0,0,0.0,0,0,3,0,4928,0.4346,0
17,2687,12,219,1,1,36,2860,0.1742,0.1346,3171,0.1426,3,1524,0.0931,0,2,0.0001,1,1,0,2,16420,0.0711,0
8,2209,8,52,1,1,10,424,0.0317,0.1765,3258,0.1225,4,7950,0.5952,0,0,0.0,0,1,1,1,13390,0.152,0
19,9803,9,660,1,0,79,5180,0.1163,0.0588,14088,0.1891,75,7271,0.1634,0,0,0.0,1,1,3,3,44526,0.1939,0
10,221,10,33,1,1,3,44,0.044,0.1167,182,0.1368,2,63,0.067,0,0,0.0,0,1,0,0,1000,0.15,0
11,198,4,17,1,1,2,62,0.0644,0.1212,133,0.1046,2,14,0.0151,0,0,0.0,0,0,6,0,963,0.2086,0
12,16492,11,400,1,0,68,7028,0.0892,0.0845,23455,0.173,54,8581,0.109,2,2,0.0,1,1,4,0,78809,0.3134,0
7,4638,3,360,1,0,26,6674,0.2195,0.1364,5995,0.124,18,4278,0.1408,0,3,0.0001,1,1,6,1,30410,0.2529,0
19,3621,10,185,1,1,43,6781,0.2546,0.1296,4644,0.0715,34,4007,0.1507,0,0,0.0,1,0,5,1,26637,1.1193,0
12,16917,11,393,1,0,68,7838,0.0977,0.2,23627,0.1722,57,8378,0.1045,2,2,0.0,1,1,1,0,80202,0.3102,0
5,693,4,58,1,1,12,104,0.0299,0.0357,675,0.1392,4,138,0.0399,0,0,0.0,0,0,4,1,3483,0.1653,0
10,4421,13,100,1,0,12,1706,0.0788,0.0469,5309,0.1729,0,674,0.0312,0,0,0.0,1,0,0,1,21650,0.1456,0
12,15617,9,401,1,0,66,7636,0.101,0.0909,22166,0.17,58,8436,0.1116,2,2,0.0,1,1,2,1,75638,0.3182,0
12,15918,16,384,1,0,80,10043,0.123,0.0909,22431,0.1367,75,9566,0.1173,0,2,0.0,1,1,2,3,81661,0.6167,0
12,11767,7,394,1,0,39,4671,0.0832,0.0513,16993,0.1666,35,6271,0.1118,0,2,0.0,1,1,4,0,56131,0.4003,0
9,6541,6,295,1,0,65,4783,0.1254,0.2222,9810,0.1768,65,4121,0.1081,0,6,0.0001,1,1,0,1,38141,0.0867,0
12,1277,8,62,1,1,7,686,0.1142,0.2,2224,0.1682,5,482,0.0807,2,1,0.0001,1,0,4,0,6009,0.7598,0
12,3884,5,335,1,0,30,2253,0.104,0.0476,5235,0.1686,24,2041,0.0943,0,2,0.0001,1,1,4,0,21660,0.091,0
12,13465,15,402,1,0,63,7695,0.1134,0.1972,19125,0.1625,56,7671,0.1132,0,2,0.0,1,1,5,3,67830,0.3384,0
12,15633,10,359,1,0,66,7412,0.0992,0.1042,21660,0.14,54,7635,0.1022,2,2,0.0,1,1,0,1,74751,0.6764,0
14,381,8,63,1,1,3,68,0.0423,0.1212,319,0.1369,0,74,0.047,0,0,0.0,0,0,1,3,1606,0.2314,0
9,12,0,12,0,0,0,2,0.0312,0.0,3,0.037,0,0,0.0,0,0,0.0,0,0,2,1,64,0.1875,0
10,1550,8,148,1,0,10,472,0.0639,0.1379,1739,0.1473,2,587,0.0798,0,2,0.0002,1,0,6,1,7381,0.2871,0
10,3237,16,230,1,1,27,1834,0.1009,0.0882,3467,0.1369,2,1276,0.0706,0,2,0.0001,1,1,2,3,18176,0.1379,0
31,3221,6,145,1,1,16,263,0.0189,0.1892,4102,0.1765,6,1452,0.1047,0,0,0.0,1,0,4,1,13905,0.2749,0
7,5851,5,399,1,1,28,1171,0.044,0.15,8951,0.0899,3,2508,0.0944,9,0,0.0,1,0,0,3,26584,2.3167,0
12,10449,12,404,1,0,41,3780,0.0763,0.1644,14760,0.1557,29,5533,0.1119,2,4,0.0,1,1,0,1,49510,0.5042,0
10,2670,9,230,1,1,23,1523,0.1,0.1379,3160,0.1482,1,1149,0.0758,0,2,0.0001,1,1,5,1,15223,0.1219,0
12,17286,9,393,1,0,72,7736,0.0939,0.122,24227,0.1687,57,8664,0.1052,2,7,0.0,1,1,4,1,82415,0.3421,0
12,16512,10,360,1,0,69,7778,0.0988,0.1538,23139,0.1723,55,7852,0.0998,0,2,0.0,1,1,0,1,78719,0.3115,0
35,2866,8,163,1,1,16,221,0.0178,0.0233,3737,0.1764,5,1298,0.1048,0,0,0.0,1,0,1,3,12429,0.3035,0
9,3880,8,295,1,0,45,3445,0.1457,0.1714,5854,0.1716,39,2864,0.1213,0,3,0.0001,1,1,1,0,23637,0.0707,0
